code,name,code
20MICRONS,20 MICRONS,20MICRONS
21STCENMGM,21ST CENTURY MANAGEMENT SERVICES,21STCENMGM
3IINFOTECH,3I INFOTECH,3IINFOTECH
3MINDIA,3M INDIA,3MINDIA
3PLAND,3P LAND HOLDINGS,3PLAND
5PAISA,5PAISA CAPITAL,5PAISA
63MOONS,63 MOONS TECHNOLOGIES,63MOONS
8KMILES,8K MILES SOFTWARE SERVICES,8KMILES
A2ZINFRA,A2Z INFRA ENGINEERING,A2ZINFRA
A2ZMES,A2Z MAINTENANCE & ENGINEERING SERVICES,A2ZMES
AANJANEYA,AANJANEYA LIFECARE,AANJANEYA
AARTIDRUGS,AARTI DRUGS,AARTIDRUGS
AARTIIND,AARTI INDUSTRIES,AARTIIND
AARVEEDEN,AARVEE DENIMS & EXPORTS,AARVEEDEN
ABAN,ABAN OFFSHORE,ABAN
ABB,ABB INDIA,ABB
ABBOTINDIA,ABBOTT INDIA,ABBOTINDIA
ABCAPITAL,ADITYA BIRLA CAPITAL,ABCAPITAL
ABCIL,ADITYA BIRLA CHEMICALS (INDIA),ABCIL
ABFRL,ADITYA BIRLA FASHION AND RETAIL,ABFRL
ABGSHIP,ABG SHIPYARD,ABGSHIP
ABHISHEK,ABHISHEK CORPORATION,ABHISHEK
ABIRLANUVO,ADITYA BIRLA NUVO,ABIRLANUVO
ABMINTLTD,ABM INTERNATIONAL,ABMINTLTD
ACC,ACC,ACC
ACCELYA,ACCELYA KALE SOLUTIONS,ACCELYA
ACE,ACTION CONSTRUCTION EQUIPMENT,ACE
ACKRUTI,ACKRUTI CITY,ACKRUTI
ACROPETAL,ACROPETAL TECHNOLOGIES,ACROPETAL
ADANIENT,ADANI ENTERPRISES,ADANIENT
ADANIGREEN,ADANI GREEN ENERGY,ADANIGREEN
ADANIPORTS,ADANI PORTS AND SPECIAL ECONOMIC ZONE,ADANIPORTS
ADANIPOWER,ADANI POWER,ADANIPOWER
ADANITRANS,ADANI TRANSMISSION,ADANITRANS
ADFFOODS,ADF FOODS,ADFFOODS
ADHUNIK,ADHUNIK METALIKS,ADHUNIK
ADHUNIKIND,ADHUNIK INDUSTRIES,ADHUNIKIND
ADI,ADI FINECHEM,ADI
ADLABS,ADLABS ENTERTAINMENT,ADLABS
ADORWELD,ADOR WELDING,ADORWELD
ADROITINFO,ADROIT INFOTECH,ADROITINFO
ADSL,ALLIED DIGITAL SERVICES,ADSL
ADVANIHOTR,ADVANI HOTELS & RESORTS (INDIA),ADVANIHOTR
ADVANTA,ADVANTA,ADVANTA
ADVENZYMES,ADVANCED ENZYME TECHNOLOGIES,ADVENZYMES
AEGISCHEM,AEGIS LOGISTICS,AEGISCHEM
AFL,ACCEL FRONTLINE,AFL
AFTEK,AFTEK,AFTEK
AGARIND,AGARWAL INDUSTRIAL CORPORATION,AGARIND
AGCNET,AGC NETWORKS,AGCNET
AGLSL,ARTEMIS GLOBAL LIFE SCIENCES,AGLSL
AGRE,AGRE DEVELOPERS,AGRE
AGRITECH,AGRI-TECH (INDIA),AGRITECH
AGRODUTCH,AGRO DUTCH INDUSTRIES,AGRODUTCH
AHLEAST,ASIAN HOTELS (EAST),AHLEAST
AHLUCONT,AHLUWALIA CONTRACTS (INDIA),AHLUCONT
AHLWEST,ASIAN HOTELS (WEST),AHLWEST
AHMEDFORGE,AHMEDNAGAR FORGINGS,AHMEDFORGE
AIAENG,AIA ENGINEERING,AIAENG
AICHAMP,AI CHAMPDANY INDUSTRIES,AICHAMP
AIFL,ASHAPURA INTIMATES FASHION,AIFL
AIL,ALSTOM INDIA,AIL
AJANTPHARM,AJANTA PHARMA,AJANTPHARM
AJMERA,AJMERA REALTY & INFRA INDIA,AJMERA
AKSHARCHEM,AKSHARCHEM INDIA,AKSHARCHEM
AKSHOPTFBR,AKSH OPTIFIBRE,AKSHOPTFBR
AKZOINDIA,AKZO NOBEL INDIA,AKZOINDIA
ALANKIT,ALANKIT,ALANKIT
ALBERTDAVD,ALBERT DAVID,ALBERTDAVD
ALBK,ALLAHA,ALBK
ALCHEM,ALCHEMIST,ALCHEM
ALEMBICLTD,ALEMBIC,ALEMBICLTD
ALFALAVAL,ALFA LAVAL (INDIA),ALFALAVAL
ALICON,ALICON CASTALLOY,ALICON
ALKALI,ALKALI METALS,ALKALI
ALKEM,ALKEM LABORATORIES,ALKEM
ALKYLAMINE,ALKYL AMINES CHEMICALS,ALKYLAMINE
ALLCARGO,ALLCARGO LOGISTICS,ALLCARGO
ALLSEC,ALLSEC TECHNOLOGIES,ALLSEC
ALMONDZ,ALMONDZ GLOBAL SECURITIES,ALMONDZ
ALOKTEXT,ALOK INDUSTRIES,ALOKTEXT
ALPA,ALPA LABORATORIES,ALPA
ALPHAGEO,ALPHAGEO (INDIA),ALPHAGEO
ALPINEHOU,ALPINE HOUSING DEVELOPMENT CORPORATION,ALPINEHOU
ALPSINDUS,ALPS INDUSTRIES,ALPSINDUS
ALSTOMTD,ALSTOM T&D INDIA,ALSTOMTD
AMAR,AMAR REMEDIES,AMAR
AMARAJABAT,AMARA RAJA BATTERIES,AMARAJABAT
AMARJOTHI,AMARJOTHI SPINNING MILLS,AMARJOTHI
AMBER,AMBER ENTERPRISES INDIA,AMBER
AMBIKCO,AMBIKA COTTON MILLS,AMBIKCO
AMBUJACEM,AMBUJA CEMENTS,AMBUJACEM
AMDIND,AMD INDUSTRIES,AMDIND
AMJLAND,AMJ LAND HOLDINGS,AMJLAND
AMLSTEEL,AML STEEL,AMLSTEEL
AMRUTANJAN,AMRUTANJAN HEALTH CARE,AMRUTANJAN
AMTEKAUTO,AMTEK AUTO,AMTEKAUTO
AMTEKINDIA,AMTEK INDIA,AMTEKINDIA
AMTL,ADVANCE METERING TECHNOLOGY,AMTL
ANANDAMRUB,THE ANANDAM RUBBER COMPANY,ANANDAMRUB
ANANTRAJ,ANANT RAJ,ANANTRAJ
ANDHRABANK,AND,ANDHRABANK
ANDHRACEMT,ANDHRA CEMENTS,ANDHRACEMT
ANDHRSUGAR,THE ANDHRA SUGARS,ANDHRSUGAR
ANGIND,ANG INDUSTRIES,ANGIND
ANIKINDS,ANIK INDUSTRIES,ANIKINDS
ANKITMETAL,ANKIT METAL & POWER,ANKITMETAL
ANKURDRUGS,ANKUR DRUGS AND PHARMA,ANKURDRUGS
ANSALAPI,ANSAL PROPERTIES & INFRASTRUCTURE,ANSALAPI
ANSALHSG,ANSAL HOUSING AND CONSTRUCTION,ANSALHSG
ANTGRAPHIC,ANTARCTICA,ANTGRAPHIC
APARINDS,APAR INDUSTRIES,APARINDS
APCL,ANJANI PORTLAND CEMENT,APCL
APCOTEXIND,APCOTEX INDUSTRIES,APCOTEXIND
APEX,APEX FROZEN FOODS,APEX
APIL,ALSTOM PROJECTS INDIA,APIL
APLAB,APLAB,APLAB
APLAPOLLO,APL APOLLO TUBES,APLAPOLLO
APLLTD,ALEMBIC PHARMACEUTICALS,APLLTD
APOLLO,APOLLO MICRO SYSTEMS,APOLLO
APOLLOHOSP,APOLLO HOSPITALS ENTERPRISE,APOLLOHOSP
APOLLOTYRE,APOLLO TYRES,APOLLOTYRE
APOLSINHOT,APOLLO SINDOORI HOTELS,APOLSINHOT
APPAPER,THE ANDHRA PRADESH PAPER MILLS,APPAPER
APTECHT,APTECH,APTECHT
AQUA,AQUA LOGISTICS,AQUA
ARCHIDPLY,ARCHIDPLY INDUSTRIES,ARCHIDPLY
ARCHIES,ARCHIES,ARCHIES
ARCOTECH,ARCOTECH,ARCOTECH
ARENTERP,RAJDARSHAN INDUSTRIES,ARENTERP
ARIES,ARIES AGRO,ARIES
ARIHANT,ARIHANT FOUNDATIONS & HOUSING,ARIHANT
ARIHANTSUP,ARIHANT SUPERSTRUCTURES,ARIHANTSUP
ARL,ARVIND REMEDIES,ARL
ARMANFIN,ARMAN FINANCIAL SERVICES,ARMANFIN
AROGRANITE,ARO GRANITE INDUSTRIES,AROGRANITE
ARROWCOAT,ARROW COATED PRODUCTS,ARROWCOAT
ARROWGREEN,ARROW GREENTECH,ARROWGREEN
ARROWTEX,ARROW TEXTILES,ARROWTEX
ARSHIYA,ARSHIYA,ARSHIYA
ARSSINFRA,ARSS INFRASTRUCTURE PROJECTS,ARSSINFRA
ARVIND,ARVIND,ARVIND
ARVINDREM,ARVIND REMEDIES,ARVINDREM
ARVINFRA,ARVIND INFRASTRUCTURE,ARVINFRA
ARVSMART,ARVIND SMARTSPACES,ARVSMART
ASAHIINDIA,ASAHI INDIA GLASS,ASAHIINDIA
ASAHISONG,ASAHI SONGWON COLORS,ASAHISONG
ASAL,AUTOMOTIVE STAMPINGS AND ASSEMBLIES,ASAL
ASHAPURMIN,ASHAPURA MINECHEM,ASHAPURMIN
ASHCONIUL,ASHCO NIULAB INDUSTRIES,ASHCONIUL
ASHIANA,ASHIANA HOUSING,ASHIANA
ASHIMASYN,ASHIMA,ASHIMASYN
ASHOKA,ASHOKA BUILDCON,ASHOKA
ASHOKLEY,ASHOK LEYLAND,ASHOKLEY
ASIANHOTNR,ASIAN HOTELS (NORTH),ASIANHOTNR
ASIANPAINT,ASIAN PAINTS,ASIANPAINT
ASIANTILES,ASIAN GRANITO INDIA,ASIANTILES
ASIL,AMIT SPINNING INDUSTRIES,ASIL
ASPINWALL,ASPINWALL AND COMPANY,ASPINWALL
ASSAMCO,ASSAM COMPANY INDIA,ASSAMCO
ASTEC,ASTEC LIFESCIENCES,ASTEC
ASTERDM,ASTER DM HEALTHCARE,ASTERDM
ASTERSILI,ASTER SILICATES,ASTERSILI
ASTRAL,ASTRAL POLY TECHNIK,ASTRAL
ASTRAMICRO,ASTRA MICROWAVE PRODUCTS,ASTRAMICRO
ASTRAZEN,ASTRAZENECA PHARMA INDIA,ASTRAZEN
ASTRON,ASTRON PAPER & BOARD MILL,ASTRON
ATFL,AGRO TECH FOODS,ATFL
ATLANTA,ATLANTA,ATLANTA
ATLASCYCLE,ATLAS CYCLES (HARYANA),ATLASCYCLE
ATNINTER,ATN INTERNATIONAL,ATNINTER
ATUL,ATUL,ATUL
ATULAUTO,ATUL AUTO,ATULAUTO
AUBANK,AU SMALL FINANCE BANK,AUBANK
AURIONPRO,AURIONPRO SOLUTIONS,AURIONPRO
AUROPHARMA,AUROBINDO PHARMA,AUROPHARMA
AUSOMENT,AUSOM ENTERPRISE,AUSOMENT
AUSTRAL,AUSTRAL COKE & PROJECTS,AUSTRAL
AUTOAXLES,AUTOMOTIVE AXLES,AUTOAXLES
AUTOIND,AUTOLINE INDUSTRIES,AUTOIND
AUTOLITIND,AUTOLITE (INDIA),AUTOLITIND
AVADHSUGAR,AVADH SUGAR & ENERGY,AVADHSUGAR
AVANTI,AVANTI FEEDS,AVANTI
AVANTIFEED,AVANTI FEEDS,AVANTIFEED
AVENTIS,AVENTIS PHARMA,AVENTIS
AVTNPL,AVT NATURAL PRODUCTS,AVTNPL
AXISBANK,AXIS BANK,AXISBANK
AXISCADES,AXISCADES ENGINEERING TECHNOLOGIES,AXISCADES
AXISGOLD,AXIS MUTUAL FUND - AXIS ,AXISGOLD
AXIS_ITT,AXIS-IT&T,AXIS_ITT
AXISNIFTY,AXISAMC - A,AXISNIFTY
AYMSYNTEX,AYM SYNTEX,AYMSYNTEX
BAFNAPHARM,BAFNA PHARMACEUTICALS,BAFNAPHARM
BAGFILMS,B.A.G FILMS AND MEDIA,BAGFILMS
BAJAJ_AUTO,BAJAJ AUTO,BAJAJ_AUTO
BAJAJCORP,BAJAJ CORP,BAJAJCORP
BAJAJELEC,BAJAJ ELECTRICALS,BAJAJELEC
BAJAJFINSV,BAJAJ FINSERV,BAJAJFINSV
BAJAJHIND,BAJAJ HINDUSTHAN SUGAR,BAJAJHIND
BAJAJHLDNG,BAJAJ HOLDINGS & INVESTMENT,BAJAJHLDNG
BAJFINANCE,BAJAJ FINANCE,BAJFINANCE
BALAJITELE,BALAJI TELEFILMS,BALAJITELE
BALAMINES,BALAJI AMINES,BALAMINES
BALAXI,BALAXI VENTURES,BALAXI
BALKRISHNA,BALKRISHNA PAPER MILLS,BALKRISHNA
BALKRISIND,BALKRISHNA INDUSTRIES,BALKRISIND
BALLARPUR,BALLARPUR INDUSTRIES,BALLARPUR
BALMLAWRIE,BALMER LAWRIE & COMPANY,BALMLAWRIE
BALPHARMA,BAL PHARMA,BALPHARMA
BALRAMCHIN,BALRAMPUR CHINI MILLS,BALRAMCHIN
BANARBEADS,BANARAS BEADS,BANARBEADS
BANARISUG,BANNARI AMMAN SUGARS,BANARISUG
BANCOINDIA,BANCO PRODUCTS (I),BANCOINDIA
BANDHANBNK,BANDHAN BANK,BANDHANBNK
BANG,BANG OVERSEAS,BANG
BANKBARODA,BANK O,BANKBARODA
BANKBEES,R*SHARES B,BANKBEES
BANKINDIA,BANK ,BANKINDIA
BANSWRAS,BANSWARA SYNTEX,BANSWRAS
BARTRONICS,BARTRONICS INDIA,BARTRONICS
BASF,BASF INDIA,BASF
BASML,BANNARI AMMAN SPINNING MILLS,BASML
BATAINDIA,BATA INDIA,BATAINDIA
BATLIBOI,BATLIBOI,BATLIBOI
BAYERCROP,BAYER CROPSCIENCE,BAYERCROP
BBL,BHARAT BIJLEE,BBL
BBTC,BOMBAY BURMAH TRADING CORPORATION,BBTC
BDL,BHARAT DYNAMICS,BDL
BEARDSELL,BEARDSELL,BEARDSELL
BECREL,BEST & CROMPTON ENGG.,BECREL
BEDMUTHA,BEDMUTHA INDUSTRIES,BEDMUTHA
BEL,BHARAT ELECTRONICS,BEL
BELLCERATL,BELL CERAMICS,BELLCERATL
BEML,BEML,BEML
BEPL,BHANSALI ENGINEERING POLYMERS,BEPL
BERGEPAINT,BERGER PAINTS (I),BERGEPAINT
BFINVEST,BF INVESTMENT,BFINVEST
BFUTILITIE,BF UTILITIES,BFUTILITIE
BGLOBAL,BHARATIYA GLOBAL INFOMEDIA,BGLOBAL
BGRENERGY,BGR ENERGY SYSTEMS,BGRENERGY
BHAGERIA,BHAGERIA INDUSTRIES,BHAGERIA
BHAGWATIHO,BHAGWATI BANQUETS AND HOTELS,BHAGWATIHO
BHAGYANGR,BHAGYANAGAR INDIA,BHAGYANGR
BHAGYAPROP,BHAGYANAGAR PROPERTIES,BHAGYAPROP
BHAGYNAGAR,BHAGYANAGAR INDIA,BHAGYNAGAR
BHANDARI,BHANDARI HOSIERY EXPORTS,BHANDARI
BHARATFIN,BHARAT FINANCIAL INCLUSION,BHARATFIN
BHARATFORG,BHARAT FORGE,BHARATFORG
BHARATGEAR,BHARAT GEARS,BHARATGEAR
BHARATIDIL,BHARATI DEFENCE AND INFRASTRUCTURE,BHARATIDIL
BHARATIWIN,ICICIPRAMC - BH,BHARATIWIN
BHARATRAS,BHARAT RASAYAN,BHARATRAS
BHARATWIRE,BHARAT WIRE ROPES,BHARATWIRE
BHARTIARTL,BHARTI AIRTEL,BHARTIARTL
BHARTISHIP,BHARATI SHIPYARD,BHARTISHIP
BHEL,BHARAT HEAVY ELECTRICALS,BHEL
BHUSANSTL,BHUSHAN STEEL,BHUSANSTL
BIGBLOC,BIGBLOC CONSTRUCTION,BIGBLOC
BIL,BHARTIYA INTERNATIONAL,BIL
BILENERGY,BIL ENERGY SYSTEMS,BILENERGY
BILPOWER,BILPOWER,BILPOWER
BIMETAL,BIMETAL BEARINGS,BIMETAL
BINANIIND,BINANI INDUSTRIES,BINANIIND
BINDALAGRO,OSWAL CHEMICALS & FERTILIZERS,BINDALAGRO
BIOCON,BIOCON,BIOCON
BIOFILCHEM,BIOFIL CHEMICALS & PHARMACEUTICALS,BIOFILCHEM
BIRLACABLE,BIRLA CABLE,BIRLACABLE
BIRLACORPN,BIRLA CORPORATION,BIRLACORPN
BIRLACOT,BIRLA COTSYN (INDIA),BIRLACOT
BIRLAERIC,BIRLA ERICSSON OPTICAL,BIRLAERIC
BIRLAMONEY,ADITYA BIRLA MONEY,BIRLAMONEY
BIRLAPOWER,BIRLA POWER SOLUTIONS,BIRLAPOWER
BKMINDST,BKM INDUSTRIES,BKMINDST
BLBLIMITED,BLB,BLBLIMITED
BLISSGVS,BLISS GVS PHARMA,BLISSGVS
BLKASHYAP,B. L. KASHYAP AND SONS,BLKASHYAP
BLS,BLS INTERNATIONAL SERVICES,BLS
BLUEBLENDS,BLUE BLENDS (I),BLUEBLENDS
BLUECHIP,BLUE CHIP INDIA,BLUECHIP
BLUECOAST,BLUE COAST HOTELS,BLUECOAST
BLUEDART,BLUE DART EXPRESS,BLUEDART
BLUESTARCO,BLUE STAR,BLUESTARCO
BLUESTINFO,BLUE STAR INFOTECH,BLUESTINFO
BOC,BOC INDIA,BOC
BODALCHEM,BODAL CHEMICALS,BODALCHEM
BODHTREE,BODHTREE CONSULTING,BODHTREE
BOMDYEING,BOMBAY DYEING & MFG COMPANY,BOMDYEING
BOROSIL,BOROSIL GLASS WORKS,BOROSIL
BOSCHLTD,BOSCH,BOSCHLTD
BPCL,BHARAT PETROLEUM CORPORATION,BPCL
BPL,BPL,BPL
BRANDHOUSE,BRANDHOUSE RETAILS,BRANDHOUSE
BRFL,BOMBAY RAYON FASHIONS,BRFL
BRIGADE,BRIGADE ENTERPRISES,BRIGADE
BRITANNIA,BRITANNIA INDUSTRIES,BRITANNIA
BRNL,BHARAT ROAD NETWORK,BRNL
BROADCAST,BROADCAST INITIATIVES,BROADCAST
BROOKS,BROOKS LABORATORIES,BROOKS
BSE,BSE,BSE
BSELINFRA,BSEL INFRASTRUCTURE REALTY,BSELINFRA
BSL,BSL,BSL
BSLGOLDETF,BIRLA SUN LIFE MUTUAL FUND - BIRLA SUN LIFE GOLD ETF ,BSLGOLDETF
BSLIMITED,BS,BSLIMITED
BSLNIFTY,BIRLA SUN LIFE MUTUAL FUND - BIRLA SUN LIFE NIFTY ETF ,BSLNIFTY
BSTRANSCOM,BS TRANSCOMM,BSTRANSCOM
BURNPUR,BURNPUR CEMENT,BURNPUR
BUTTERFLY,BUTTERFLY GANDHIMATHI APPLIANCES,BUTTERFLY
BVCL,BARAK VALLEY CEMENTS,BVCL
BYKE,THE BYKE HOSPITA,BYKE
CADILAHC,CADILA HEALTHCARE,CADILAHC
CAIRN,CAIRN INDIA,CAIRN
CALSOFT,CALIFORNIA SOFTWARE COMPANY,CALSOFT
CAMBRIDGE,CAMBRIDGE SOLUTIONS,CAMBRIDGE
CAMLIN,CAMLIN,CAMLIN
CAMLINFINE,CAMLIN FINE SCIENCES,CAMLINFINE
CANBK,CAN,CANBK
CANDC,C & C CONSTRUCTIONS,CANDC
CANFINHOME,CAN FIN HOMES,CANFINHOME
CANTABIL,CANTABIL RETAIL INDIA,CANTABIL
CAPACITE,CAPACIT'E INFRAPROJECTS,CAPACITE
CAPF,CAPITAL FIRST,CAPF
CAPLIPOINT,CAPLIN POINT LABORATORIES,CAPLIPOINT
CAPTRUST,CAPITAL TRUST,CAPTRUST
CARBORUNIV,CARBORUNDUM UNIVERSAL,CARBORUNIV
CAREERP,CAREER POINT,CAREERP
CARERATING,CARE RATINGS,CARERATING
CAROLINFO,CAROL INFO SERVICES,CAROLINFO
CASTEXTECH,CASTEX TECHNOLOGIES,CASTEXTECH
CASTROL,CASTROL INDIA,CASTROL
CASTROLIND,CASTROL INDIA,CASTROLIND
CCCL,CONSOLIDATED CONSTRUCTION CONSORTIUM,CCCL
CCHHL,COUNTRY CLUB HOSPITALITY & HOLIDAYS,CCHHL
CCL,CCL PRODUCTS (INDIA),CCL
CDSL,CENTRAL DEPOSITORY SERVICES (INDIA),CDSL
CEATLTD,CEAT,CEATLTD
CEBBCO,COMMERCIAL ENGINEERS & BODY BUILDERS CO,CEBBCO
CELEBRITY,CELEBRITY FASHIONS,CELEBRITY
CELESTIAL,CELESTIAL BIOLABS,CELESTIAL
CENTENKA,CENTURY ENKA,CENTENKA
CENTEXT,CENTURY EXTRUSIONS,CENTEXT
CENTRALBK,CENTRAL BANK ,CENTRALBK
CENTRUM,CENTRUM CAPITAL,CENTRUM
CENTUM,CENTUM ELECTRONICS,CENTUM
CENTURYPLY,CENTURY PLYBOARDS (INDIA),CENTURYPLY
CENTURYTEX,CENTURY TEXTILES & INDUSTRIES,CENTURYTEX
CERA,CERA SANITARYWARE,CERA
CEREBRAINT,CEREBRA INTEGRATED TECHNOLOGIES,CEREBRAINT
CESC,CESC,CESC
CGCL,CAPRI GLOBAL CAPITAL,CGCL
CGPOWER,CG POWER AND INDUSTRIAL SOLUTIONS,CGPOWER
CHAMBLFERT,CHAMBAL FERTILIZERS & CHEMICALS,CHAMBLFERT
CHEMFAB,CHEMFAB ALKALIS,CHEMFAB
CHEMFALKAL,CHEMFAB ALKALIS,CHEMFALKAL
CHEMPLAST,CHEMPLAST SANMAR,CHEMPLAST
CHENNPETRO,CHENNAI PETROLEUM CORPORATION,CHENNPETRO
CHESLINTEX,CHESLIND TEXTILES,CHESLINTEX
CHETTINAD,CHETTINAD CEMENT CORPORATION,CHETTINAD
CHOLAFIN,CHOLAMANDALAM INVESTMENT AND FINANCE COMPANY,CHOLAFIN
CHROMATIC,CHROMATIC INDIA,CHROMATIC
CIGNITITEC,CIGNITI TECHNOLOGIES,CIGNITITEC
CILNOVA,CIL NOVA PETROCHEMICALS,CILNOVA
CIMMCO,CIMMCO,CIMMCO
CINELINE,CINELINE INDIA,CINELINE
CINEMAX,CINEMAX INDIA,CINEMAX
CINEPRO,CINEMAX PROPERTIES,CINEPRO
CINEVISTA,CINEVISTA,CINEVISTA
CIPLA,CIPLA,CIPLA
CLASSIC,CLASSIC DIAMONDS (INDIA),CLASSIC
CLEDUCATE,CL EDUCATE,CLEDUCATE
CLNINDIA,CLARIANT CHEMICALS (INDIA),CLNINDIA
CLUTCHAUTO,CLUTCH AUTO,CLUTCHAUTO
CMAHENDRA,C. MAHENDRA EXPORTS,CMAHENDRA
CMC,CMC,CMC
CMICABLES,CMI,CMICABLES
CNOVAPETRO,CIL NOVA PETROCHEMICALS,CNOVAPETRO
CNX_100,NATIONAL STOCK EXCHANGE OF INDIA (NSE) STOCK INDEX -,CNX_100
CNX_100_EQUAL_WEIGHT,NATIONAL STOCK EXCHANGE OF INDIA (NSE) STOCK INDEX - CNX 100 EQUA,CNX_100_EQUAL_WEIGHT
CNX_200,NATIONAL STOCK EXCHANGE OF INDIA (NSE) STOCK INDEX -,CNX_200
CNX_500,NATIONAL STOCK EXCHANGE OF INDIA (NSE) STOCK INDEX -,CNX_500
CNX_500_SHARIAH,NATIONAL STOCK EXCHANGE OF INDIA (NSE) STOCK INDEX - CNX 500,CNX_500_SHARIAH
CNX_ALPHA_INDEX,NATIONAL STOCK EXCHANGE OF INDIA (NSE) STOCK INDEX - C,CNX_ALPHA_INDEX
CNX_AUTO,NATIONAL STOCK EXCHANGE OF INDIA (NSE) STOCK INDEX - ,CNX_AUTO
CNX_BANK,NATIONAL STOCK EXCHANGE OF INDIA (NSE) STOCK INDEX - ,CNX_BANK
CNX_COMMODITIES,NATIONAL STOCK EXCHANGE OF INDIA (NSE) STOCK INDEX - CNX COM,CNX_COMMODITIES
CNX_CONSUMPTION,NATIONAL STOCK EXCHANGE OF INDIA (NSE) STOCK INDEX - CNX CON,CNX_CONSUMPTION
CNX_DEFTY,NATIONAL STOCK EXCHANGE OF INDIA (NSE) STOCK INDEX - C,CNX_DEFTY
CNX_DIVIDEND_OPPT,NATIONAL STOCK EXCHANGE OF INDIA (NSE) STOCK INDEX - CNX DIVIDEND OPPOR,CNX_DIVIDEND_OPPT
CNX_ENERGY,NATIONAL STOCK EXCHANGE OF INDIA (NSE) STOCK INDEX - CN,CNX_ENERGY
CNX_FINANCE,NATIONAL STOCK EXCHANGE OF INDIA (NSE) STOCK INDEX - CNX,CNX_FINANCE
CNX_FMCG,NATIONAL STOCK EXCHANGE OF INDIA (NSE) STOCK INDEX - ,CNX_FMCG
CNX_HIGH_BETA,NATIONAL STOCK EXCHANGE OF INDIA (NSE) STOCK INDEX - CNX H,CNX_HIGH_BETA
CNX_INFRA,NATIONAL STOCK EXCHANGE OF INDIA (NSE) STOCK INDEX - CNX INFRAS,CNX_INFRA
CNX_IT,NATIONAL STOCK EXCHANGE OF INDIA (NSE) STOCK INDEX ,CNX_IT
CNX_LOW_VOLATILITY,NATIONAL STOCK EXCHANGE OF INDIA (NSE) STOCK INDEX - CNX LOW VO,CNX_LOW_VOLATILITY
CNX_MEDIA,NATIONAL STOCK EXCHANGE OF INDIA (NSE) STOCK INDEX - C,CNX_MEDIA
CNX_METAL,NATIONAL STOCK EXCHANGE OF INDIA (NSE) STOCK INDEX - C,CNX_METAL
CNX_MIDCAP,NATIONAL STOCK EXCHANGE OF INDIA (NSE) STOCK INDEX - CN,CNX_MIDCAP
CNX_MNC,NATIONAL STOCK EXCHANGE OF INDIA (NSE) STOCK INDEX -,CNX_MNC
CNX_NIFTY,NATIONAL STOCK EXCHANGE OF INDIA (NSE) STOCK INDEX - C,CNX_NIFTY
CNX_NIFTY_JUNIOR,NATIONAL STOCK EXCHANGE OF INDIA (NSE) STOCK INDEX - JUNI,CNX_NIFTY_JUNIOR
CNX_NIFTY_SHARIAH,NATIONAL STOCK EXCHANGE OF INDIA (NSE) STOCK INDEX - CNX NIFTY,CNX_NIFTY_SHARIAH
CNX_PHARMA,NATIONAL STOCK EXCHANGE OF INDIA (NSE) STOCK INDEX - CN,CNX_PHARMA
CNX_PSE,NATIONAL STOCK EXCHANGE OF INDIA (NSE) STOCK INDEX -,CNX_PSE
CNX_PSU_BANK,NATIONAL STOCK EXCHANGE OF INDIA (NSE) STOCK INDEX - CNX ,CNX_PSU_BANK
CNX_REALTY,NATIONAL STOCK EXCHANGE OF INDIA (NSE) STOCK INDEX - CN,CNX_REALTY
CNX_SERVICE,NATIONAL STOCK EXCHANGE OF INDIA (NSE) STOCK INDEX - CNX SERVIC,CNX_SERVICE
CNX_SHARIAH25,NATIONAL STOCK EXCHANGE OF INDIA (NSE) STOCK INDEX - CNX S,CNX_SHARIAH25
CNX_SMALLCAP,NATIONAL STOCK EXCHANGE OF INDIA (NSE) STOCK INDEX - CNX ,CNX_SMALLCAP
COALINDIA,COAL INDIA,COALINDIA
COCHINSHIP,COCHIN SHIPYARD,COCHINSHIP
COFFEEDAY,COFFEE DAY ENTERPRISES,COFFEEDAY
COLPAL,COLGATE PALMOLIVE (INDIA),COLPAL
COMPINFO,COMPUAGE INFOCOM,COMPINFO
COMPUAGE,COMPUAGE INFOCOM,COMPUAGE
COMPUSOFT,COMPUCOM SOFTWARE,COMPUSOFT
CONCOR,CONTAINER CORPORATION OF INDIA,CONCOR
CONSOFINVT,CONSOLIDATED FINVEST & HOLDINGS,CONSOFINVT
CONTROLPR,CONTROL PRINT,CONTROLPR
CORALFINAC,CORAL INDIA FINANCE & HOUSING,CORALFINAC
CORAL_HUB,CORAL HUB,CORAL_HUB
CORDSCABLE,CORDS CABLE INDUSTRIES,CORDSCABLE
COREEDUTEC,CORE EDUCATION & TECHNOLOGIES,COREEDUTEC
COROENGG,COROMANDEL ENGINEERING COMPANY,COROENGG
COROMANDEL,COROMANDEL INTERNATIONAL,COROMANDEL
CORPBANK,CORPORAT,CORPBANK
COSMOFILMS,COSMO FILMS,COSMOFILMS
COUNCODOS,COUNTRY CONDO'S,COUNCODOS
COXKINGS,COX & KINGS,COXKINGS
CPIL,CAREER POINT INFOSYSTEMS,CPIL
CPSEETF,C,CPSEETF
CPSE_INDEX,NATIONAL STOCK EXCHANGE OF INDIA (NSE) STOCK INDE,CPSE_INDEX
CREATIVEYE,CREATIVE EYE,CREATIVEYE
CREST,CREST VENTURES,CREST
CRESTANI,CREST ANIMATION STUDIOS,CRESTANI
CREWBOS,CREW B.O.S. PRODUCTS,CREWBOS
CRISIL,CRISIL,CRISIL
CRMFGETF,CANARA ROBECO MUTUAL FUND - CANARA ROBECO - ,CRMFGETF
CROMPGREAV,CROMPTON GREAVES,CROMPGREAV
CROMPTON,CROMPTON GREAVES CONSUMER ELECTRICALS,CROMPTON
CRONIMET,CRONIMET ALLOYS INDIA,CRONIMET
CTE,CAMBRIDGE TECHNOLOGY ENTERPRISES,CTE
CUB,CITY UNION BANK,CUB
CUBEXTUB,CUBEX TUBINGS,CUBEXTUB
CUMMINSIND,CUMMINS INDIA,CUMMINSIND
CUPID,CUPID,CUPID
CURATECH,CURA TECHNOLOGIES,CURATECH
CYBERMEDIA,CYBER MEDIA (INDIA),CYBERMEDIA
CYBERTECH,CYBERTECH SYSTEMS AND SOFTWARE,CYBERTECH
CYIENT,CYIENT,CYIENT
DAAWAT,LT FOODS,DAAWAT
DABUR,DABUR INDIA,DABUR
DALMIABEL,DALMIA BHARAT ENTERPRISES,DALMIABEL
DALMIABHA,DALMIA BHARAT,DALMIABHA
DALMIAREF,DALMIA REFRACTORIES,DALMIAREF
DALMIASUG,DALMIA BHARAT SUGAR AND INDUSTRIES,DALMIASUG
DAMODARIND,DAMODAR INDUSTRIES,DAMODARIND
DATAMATICS,DATAMATICS GLOBAL SERVICES,DATAMATICS
DBCORP,D.B.CORP,DBCORP
DBL,DILIP BUILDCON,DBL
DBREALTY,D B REALTY,DBREALTY
DBSTOCKBRO,DB (INTERNATIONAL) STOCK BROKERS,DBSTOCKBRO
DCAL,DISHMAN CARBOGEN AMCIS,DCAL
DCB,DEVELOPMENT CREDIT BANK,DCB
DCBBANK,DCB BANK,DCBBANK
DCHL,DECCAN CHRONICLE HOLDINGS,DCHL
DCM,DCM,DCM
DCMFINSERV,DCM FINANCIAL SERVICES,DCMFINSERV
DCMSHRIRAM,DCM SHRIRAM,DCMSHRIRAM
DCMSRMCONS,DCM SHRIRAM CONSOLIDATED,DCMSRMCONS
DCW,DCW,DCW
DECCANCE,DECCAN CEMENTS,DECCANCE
DECOLIGHT,DECOLIGHT CERAMICS,DECOLIGHT
DEEPAKFERT,DEEPAK FERTILIZERS AND PETROCHEMICALS CORPORATION,DEEPAKFERT
DEEPAKNTR,DEEPAK NITRITE,DEEPAKNTR
DEEPIND,DEEP INDUSTRIES,DEEPIND
DELTACORP,DELTA CORP,DELTACORP
DELTAMAGNT,DELTA MAGNETS,DELTAMAGNT
DEN,DEN NETWORKS,DEN
DENABANK,D,DENABANK
DENORA,DE NORA INDIA,DENORA
DENSO,DENSO INDIA,DENSO
DEWANHOUS,DEWAN HOUSING FINANCE CORPORATION,DEWANHOUS
DFMFOODS,DFM FOODS,DFMFOODS
DHAMPURSUG,DHAMPUR SUGAR MILLS,DHAMPURSUG
DHANBANK,DHANLAXMI BANK,DHANBANK
DHANUKA,DHANUKA AGRITECH,DHANUKA
DHANUS,DHANUS TECHNOLOGIES,DHANUS
DHARSUGAR,DHARANI SUGARS & CHEMICALS,DHARSUGAR
DHFL,DEWAN HOUSING FINANCE CORPORATION,DHFL
DHUNINV,DHUNSERI INVESTMENTS,DHUNINV
DIAMONDYD,PRATAAP SNACKS,DIAMONDYD
DIAPOWER,DIAMOND POWER I,DIAPOWER
DICIND,DIC INDIA,DICIND
DIGJAM,DIGJAM,DIGJAM
DIGJAMLTD,DIGJAM,DIGJAMLTD
DISHMAN,DISHMAN PHARMACEUTICALS AND CHEMICALS,DISHMAN
DISHTV,DISH TV INDIA,DISHTV
DIVISLAB,DIVI'S LABORATORIES,DIVISLAB
DIXON,DIXON TECHNOLOGIES (INDIA),DIXON
DLF,DLF,DLF
DLINKINDIA,D-LINK (INDIA),DLINKINDIA
DMART,AVENUE SUPERMARTS,DMART
DNAMEDIA,DILIGENT MEDIA CORPORATION,DNAMEDIA
DOLLAR,DOLLAR INDUSTRIES,DOLLAR
DOLPHINOFF,DOLPHIN OFFSHORE ENTERPRISES (INDIA),DOLPHINOFF
DONEAR,DONEAR INDUSTRIES,DONEAR
DPL,DHUNSERI PETROCHEM,DPL
DPSCLTD,DPSC,DPSCLTD
DPTL,DHUNSERI PETROCHEM & TEA,DPTL
DQE,DQ ENTERTAINMENT (INTERNATIONAL),DQE
DRDATSONS,DR. DATSON'S LABS,DRDATSONS
DREDGECORP,DREDGING CORPORATION OF INDIA,DREDGECORP
DRREDDY,DR. REDDY'S LABORATORIES,DRREDDY
DSKULKARNI,DS KULKARNI DEVELOPERS,DSKULKARNI
DSSL,DYNACONS SYSTEMS & SOLUTIONS,DSSL
DTIL,DHUNSERI TEA & INDUSTRIES,DTIL
DUCON,DUCON INFRATECHNOLOGIES,DUCON
DUNCANSIND,DUNCANS INDUSTRIES,DUNCANSIND
DUNCANSLTD,DUNCANS INDUSTRIES,DUNCANSLTD
DWARKESH,DWARIKESH SUGAR INDUSTRIES,DWARKESH
DYNAMATECH,DYNAMATIC TECHNOLOGIES,DYNAMATECH
DYNATECH,DYNACONS TECHNOLOGIES,DYNATECH
DYNPRO,DYNEMIC PRODUCTS,DYNPRO
EASTSILK,EASTERN SILK INDUSTRIES,EASTSILK
EASUNREYRL,EASUN REYROLLE,EASUNREYRL
EBANK,EDELWEISS ETF - NI,EBANK
ECEIND,ECE INDUSTRIES,ECEIND
ECLERX,ECLERX SERVICES,ECLERX
EDELWEISS,EDELWEISS FINANCIAL SERVICES,EDELWEISS
EDL,EMPEE DISTILLERIES,EDL
EDSERV,EDSERV SOFTSYSTEMS,EDSERV
EDUCOMP,EDUCOMP SOLUTIONS,EDUCOMP
EICHERMOT,EICHER MOTORS,EICHERMOT
EIDPARRY,EID PARRY INDIA,EIDPARRY
EIHAHOTELS,EIH ASSOCIATED HOTELS,EIHAHOTELS
EIHOTEL,EIH,EIHOTEL
EIMCOELECO,EIMCO ELECON (INDIA),EIMCOELECO
EKC,EVEREST KANTO CYLINDER,EKC
ELAND,E-LAND APPAREL,ELAND
ELDERPHARM,ELDER PHARMACEUTICALS,ELDERPHARM
ELECON,ELECON ENGINEERING COMPANY,ELECON
ELECTCAST,ELECTROSTEEL CASTINGS,ELECTCAST
ELECTHERM,ELECTROTHERM (INDIA),ELECTHERM
ELECTROSL,ELECTROSTEEL STEELS,ELECTROSL
ELFORGE,EL FORGE,ELFORGE
ELGIEQUIP,ELGI EQUIPMENTS,ELGIEQUIP
ELGIRUBCO,ELGI RUBBER COMPANY,ELGIRUBCO
ELNET,ELNET TECHNOLOGIES,ELNET
EMAMIINFRA,EMAMI INFRASTRUCTURE,EMAMIINFRA
EMAMILTD,EMAMI,EMAMILTD
EMCO,EMCO,EMCO
EMKAY,EMKAY GLOBAL FINANCIAL SERVICES,EMKAY
EMMBI,EMMBI INDUSTRIES,EMMBI
EMPEESUG,EMPEE SUGARS AND CHEMICALS,EMPEESUG
ENDURANCE,ENDURANCE TECHNOLOGIES,ENDURANCE
ENERGYDEV,ENERGY DEVELOPMENT COMPANY,ENERGYDEV
ENGINERSIN,ENGINEERS INDIA,ENGINERSIN
ENIL,ENTERTAINMENT NETWORK (INDIA),ENIL
ENTEGRA,ENTEGRA,ENTEGRA
EON,EON ELECTRIC,EON
EONELECT,EON ELECTRIC,EONELECT
EQ30,EDEL ETF NIFTY 10,EQ30
EQUITAS,EQUITAS HOLDINGS,EQUITAS
ERAINFRA,ERA INFRA ENGINEERING,ERAINFRA
ERIS,ERIS LIFESCIENCES,ERIS
EROSMEDIA,EROS INTERNATIONAL MEDIA,EROSMEDIA
ESABINDIA,ESAB INDIA,ESABINDIA
ESCORTS,ESCORTS,ESCORTS
ESL,ELECTROSTEEL STEELS,ESL
ESSAROIL,ESSAR OIL,ESSAROIL
ESSARPORTS,ESSAR PORTS,ESSARPORTS
ESSARSHPNG,ESSAR SHIPPING,ESSARSHPNG
ESSDEE,ESS DEE ALUMINIUM,ESSDEE
ESSELPACK,ESSEL PROPACK,ESSELPACK
ESTER,ESTER INDUSTRIES,ESTER
EUROCERA,EURO CERAMICS,EUROCERA
EUROMULTI,EURO MULTIVISION,EUROMULTI
EUROTEXIND,EUROTEX INDUSTRIES AND EXPORTS,EUROTEXIND
EVEREADY,EVEREADY INDUSTRIES INDIA,EVEREADY
EVERESTIND,EVEREST INDUSTRIES,EVERESTIND
EVERONN,EVERONN EDUCATION,EVERONN
EXCEL,EXCEL REALTY N INFRA,EXCEL
EXCELCROP,EXCEL CROP CARE,EXCELCROP
EXCELINDUS,EXCEL INDUSTRIES,EXCELINDUS
EXCELINFO,EXCEL INFOWAYS,EXCELINFO
EXIDEIND,EXIDE INDUSTRIES,EXIDEIND
FACT,FERTILIZERS AND CHEMICALS TRAVANCORE,FACT
FAGBEARING,FAG BEARINGS INDIA,FAGBEARING
FAIRCHEM,FAIRCHEM SPECIALITY,FAIRCHEM
FAME,FAME INDIA,FAME
FARMAXIND,FARMAX INDIA,FARMAXIND
FCEL,FUTURE CONSUMER ENTERPRISE,FCEL
FCH,FUTURE CAPITAL HOLDINGS,FCH
FCL,FINEOTEX CHEMICAL,FCL
FCONSUMER,FUTURE CONSUMER,FCONSUMER
FCSSOFT,FCS SOFTWARE SOLUTIONS,FCSSOFT
FDC,FDC,FDC
FEDDERELEC,FEDDERS ELECTRIC AND ENGINEERING,FEDDERELEC
FEDDERLOYD,FEDDERS LLOYD CORPORATION,FEDDERLOYD
FEDERALBNK,THE FEDERAL BANK,FEDERALBNK
FEL,FUTURE ENTERPRISES,FEL
FELDVR,FUTURE ENTERPRISES,FELDVR
FIEMIND,FIEM INDUSTRIES,FIEMIND
FILATEX,FILATEX INDIA,FILATEX
FINCABLES,FINOLEX CABLES,FINCABLES
FINEORG,FINE ORGANIC INDUSTRIES,FINEORG
FINPIPE,FINOLEX INDUSTRIES,FINPIPE
FIRSTLEASE,FIRST LEASING COMPANY OF INDIA,FIRSTLEASE
FIRSTWIN,FIRST WINNER INDUSTRIES,FIRSTWIN
FKONCO,FRESENIUS KABI ONCOLOGY,FKONCO
FLEXITUFF,FLEXITUFF INTERNATIONAL,FLEXITUFF
FLFL,FUTURE LIFESTYLE FASHIONS,FLFL
FMGOETZE,FEDERAL-MOGUL GOETZE (INDIA) ,FMGOETZE
FMNL,FUTURE MARKET NETWORKS,FMNL
FORTIS,FORTIS HEALTHCARE,FORTIS
FORTUNEFIN,FORTUNE FINANCIAL SERVICES (INDIA),FORTUNEFIN
FOSECOIND,FOSECO INDIA,FOSECOIND
FOURSOFT,FOUR SOFT,FOURSOFT
FRETAIL,FUTURE RETAIL,FRETAIL
FRL,FUTURE ENTERPRISES,FRL
FRLDVR,FUTURE ENTERPRISES,FRLDVR
FSC,FUTURE SUPPLY CHAIN SOLUTIONS,FSC
FSL,FIRSTSOURCE SOLUTIONS,FSL
FTCPOF5YDV,FRANKLIN TEMPLETON CAPITAL PROTECTION ORIEN,FTCPOF5YDV
FTCPOF5YGR,FRANKLIN TEMPLETON CAPITAL PROTECTION ORIEN,FTCPOF5YGR
FTCSF5YDIV,FRANKLIN TEMPLETON MUTUAL FUND-CAPITAL SAFETY FUND-5Y DIVIDEN,FTCSF5YDIV
FTCSF5YGRO,FRANKLIN TEMPLETON MUTUAL FUND-CAPITAL SAFETY FUND-5Y (GROWTH,FTCSF5YGRO
FUTUREVENT,FUTURE VENTURES INDIA,FUTUREVENT
GABRIEL,GABRIEL INDIA,GABRIEL
GAEL,GUJARAT AMBUJA EXPORTS,GAEL
GAIL,GAIL (INDIA),GAIL
GAL,GYSCOAL ALLOYS,GAL
GALAXYSURF,GALAXY SURFACTANTS,GALAXYSURF
GALLANTT,GALLANTT METAL,GALLANTT
GALLISPAT,GALLANTT ISPAT,GALLISPAT
GAMMNINFRA,GAMMON INFRASTRUCTURE PROJECTS,GAMMNINFRA
GAMMONIND,GAMMON INDIA,GAMMONIND
GANDHITUBE,GANDHI SPECIAL TUBES,GANDHITUBE
GANECOS,GANESHA ECOSPHERE,GANECOS
GANESHHOUC,GANESH HOUSING CORPORATION,GANESHHOUC
GANGESSECU,GANGES SECURITIES,GANGESSECU
GANGOTRI,GANGOTRI TEXTILES,GANGOTRI
GARDENSILK,GARDEN SILK MILLS,GARDENSILK
GARFIBRES,GARWARE TECHNICAL FIBRES,GARFIBRES
GARWALLROP,GARWARE WALL ROPES,GARWALLROP
GATI,GATI,GATI
GAYAHWS,GAYATRI HIGHWAYS,GAYAHWS
GAYAPROJ,GAYATRI PROJECTS,GAYAPROJ
GDL,GATEWAY DISTRIPARKS,GDL
GEECEE,GEECEE VENTURES,GEECEE
GEINDSYS,GEI INDUSTRIAL SYSTEMS,GEINDSYS
GEMINI,GEMINI COMMUNICATION,GEMINI
GENESYS,GENESYS INTERNATIONAL CORPORATION,GENESYS
GENUSPAPER,GENUS PAPER & BOARDS,GENUSPAPER
GENUSPOWER,GENUS POWER INFRASTRUCTURES,GENUSPOWER
GEODESIC,GEODESIC,GEODESIC
GEOJITBNPP,GEOJIT BNP PARIBAS FINANCIAL SERVICES,GEOJITBNPP
GEOJITFSL,GEOJIT FINANCIAL SERVICES,GEOJITFSL
GEOMETRIC,GEOMETRIC,GEOMETRIC
GEPIL,GE POWER INDIA,GEPIL
GESHIP,THE GREAT EASTERN SHIPPING COMPANY,GESHIP
GETD,GE T&D INDIA,GETD
GHCL,GHCL,GHCL
GICHSGFIN,GIC HOUSING FINANCE,GICHSGFIN
GICRE,GENERAL INSURANCE CORPORATION ,GICRE
GILLANDERS,GILLANDERS ARBUTHNOT & COMPANY,GILLANDERS
GILLETTE,GILLETTE INDIA,GILLETTE
GINNIFILA,GINNI FILAMENTS,GINNIFILA
GIPCL,GUJARAT INDUSTRIES POWER COMPANY,GIPCL
GISOLUTION,GI ENGINEERING SOLUTIONS,GISOLUTION
GITANJALI,GITANJALI GEMS,GITANJALI
GKB,GKB OPHTHALMICS,GKB
GKWLIMITED,GKW,GKWLIMITED
GLAXO,GLAXOSMITHKLINE PHARMACEUTICALS,GLAXO
GLENMARK,GLENMARK PHARMACEUTICALS,GLENMARK
GLFL,GUJARAT LEASE FINANCING,GLFL
GLOBALVECT,GLOBAL VECTRA HELICORP,GLOBALVECT
GLOBOFFS,GLOBAL OFFSHORE SERVICES,GLOBOFFS
GLOBUSSPR,GLOBUS SPIRITS,GLOBUSSPR
GLODYNE,GLODYNE TECHNOSERVE,GLODYNE
GLORY,GLORY POLYFILMS,GLORY
GMBREW,GM BREWERIES,GMBREW
GMDCLTD,GUJARAT MINERAL DEVELOPMENT CORPORATION,GMDCLTD
GMMPFAUDLR,GMM PFAUDLER,GMMPFAUDLR
GMRINFRA,GMR INFRASTRUCTURE,GMRINFRA
GNA,GNA AXLES,GNA
GNFC,GUJARAT NARMADA VALLEY FERTILIZERS AND CHEMICALS,GNFC
GOACARBON,GOA CARBON,GOACARBON
GOCLCORP,GOCL CORPORATION,GOCLCORP
GODFRYPHLP,GODFREY PHILLIPS INDIA,GODFRYPHLP
GODREJAGRO,GODREJ AGROVET,GODREJAGRO
GODREJCP,GODREJ CONSUMER PRODUCTS,GODREJCP
GODREJIND,GODREJ INDUSTRIES,GODREJIND
GODREJPROP,GODREJ PROPERTIES,GODREJPROP
GOENKA,GOENKA DIAMOND AND JEWELS,GOENKA
GOKEX,GOKALDAS EXPORTS,GOKEX
GOKUL,GOKUL REFOILS AND SOLVENT,GOKUL
GOKULAGRO,GOKUL AGRO RESOURCES,GOKULAGRO
GOLDBEES,R*SHARES G,GOLDBEES
GOLDENTOBC,GOLDEN TOBACCO,GOLDENTOBC
GOLDIAM,GOLDIAM INTERNATIONAL,GOLDIAM
GOLDINFRA,GOLDSTONE INFRATECH,GOLDINFRA
GOLDIWIN,ICICI PRUDENTIAL GOLD EXCHANGE TRA,GOLDIWIN
GOLDSHARE,UTI MUTUAL FUND - UTI GOLD EXCHANGE TRA,GOLDSHARE
GOLDTECH,GOLDSTONE TECHNOLOGIES,GOLDTECH
GOODLUCK,GOODLUCK INDIA,GOODLUCK
GPIL,GODAWARI POWER AND ISPAT,GPIL
GPPL,GUJARAT PIPAVAV PORT,GPPL
GPTINFRA,GPT INFRAPROJECTS,GPTINFRA
GRABALALK,GRABAL ALOK IMPEX,GRABALALK
GRANULES,GRANULES INDIA,GRANULES
GRAPHITE,GRAPHITE INDIA,GRAPHITE
GRASIM,GRASIM INDUSTRIES,GRASIM
GRAVITA,GRAVITA INDIA,GRAVITA
GREAVESCOT,GREAVES COTTON,GREAVESCOT
GREENFIRE,GREEN FIRE AGRI COMMODITIES,GREENFIRE
GREENLAM,GREENLAM INDUSTRIES,GREENLAM
GREENPLY,GREENPLY INDUSTRIES,GREENPLY
GREENPOWER,ORIENT GREEN POWER COMPANY,GREENPOWER
GRINDWELL,GRINDWELL NORTON,GRINDWELL
GROBTEA,THE GROB TEA COMPANY,GROBTEA
GRPLTD,GRP,GRPLTD
GRUH,GRUH FINANCE,GRUH
GSCLCEMENT,GUJARAT SIDHEE CEMENT,GSCLCEMENT
GSFC,GUJARAT STATE FERTILIZERS & CHEMICALS,GSFC
GSKCONS,GLAXOSMITHKLINE CONSUMER HEALTHCARE,GSKCONS
GSLNOVA,GSL NOVA PETROCHEMICALS,GSLNOVA
GSPL,GUJARAT STATE PETRONET,GSPL
GSS,GSS INFOTECH,GSS
GTL,GTL,GTL
GTLINFRA,GTL INFRASTRUCTURE,GTLINFRA
GTNIND,GTN INDUSTRIES,GTNIND
GTNTEX,GTN TEXTILES,GTNTEX
GTOFFSHORE,GOL OFFSHORE,GTOFFSHORE
GTPL,GTPL HATHWAY,GTPL
GUFICBIO,GUFIC BIOSCIENCES,GUFICBIO
GUJALKALI,GUJARAT ALKALIES AND CHEMICALS,GUJALKALI
GUJAPOLLO,GUJARAT APOLLO INDUSTRIES,GUJAPOLLO
GUJFLUORO,GUJARAT FLUOROCHEMICALS,GUJFLUORO
GUJGASLTD,GUJARAT GAS,GUJGASLTD
GUJNRECOKE,GUJARAT NRE COKE,GUJNRECOKE
GUJNREDVR,GUJARAT NRE COKE,GUJNREDVR
GUJRAFFIA,GUJARAT RAFFIA INDUSTRIES,GUJRAFFIA
GUJRATGAS,GUJARAT GAS COMPANY,GUJRATGAS
GUJSIDHCEM,GUJARAT SIDHEE CEMENTS,GUJSIDHCEM
GUJSTATFIN,GUJARAT STATE FINANCIAL COR,GUJSTATFIN
GULFCORP,GULF OIL CORPORATION,GULFCORP
GULFOILCOR,GULF OIL CORPORATION,GULFOILCOR
GULFOILLUB,GULF OIL LUBRICANTS INDIA,GULFOILLUB
GULFPETRO,GP PETROLEUMS,GULFPETRO
GULPOLY,GULSHAN POLYOLS,GULPOLY
GVKPIL,GVK POWER & INFRASTRUCTURE,GVKPIL
HAL,HINDUSTAN AERONAUTICS,HAL
HALONIX,HALONIX,HALONIX
HANUNG,HANUNG TOYS AND TEXTILES,HANUNG
HARITASEAT,HARITA SEATING SYSTEMS,HARITASEAT
HARRMALAYA,HARRISONS MALAYALAM,HARRMALAYA
HATHWAY,HATHWAY CABLE & DATACOM,HATHWAY
HATSUN,HATSUN AGRO PRODUCT,HATSUN
HAVELLS,HAVELLS INDIA,HAVELLS
HAVISHA,SRI HAVISHA HOSPITALITY AND INFRASTRUCTURE,HAVISHA
HBLPOWER,HBL POWER SYSTEMS,HBLPOWER
HBSL,HB STOCKHOLDINGS,HBSL
HBSTOCK,HB STOCKHOLDINGS,HBSTOCK
HCC,HINDUSTAN CONSTRUCTION COMPANY,HCC
HCG,HEALTHCARE GLOBAL ENTERPRISES,HCG
HCIL,HIMADRI CHEMICALS AND INDUSTRIES,HCIL
HCL_INSYS,HCL INFOSYSTEMS,HCL_INSYS
HCLTECH,HCL TECHNOLOGIES,HCLTECH
HDFC,HOUSING DEVELOPMENT FINANCE CORPORATION,HDFC
HDFCAMC,HDFC ASSET MANAGEMENT COMPANY,HDFCAMC
HDFCBANK,HDFC BANK,HDFCBANK
HDFCLIFE,HDFC STANDARD LIFE INSURANCE COMPANY,HDFCLIFE
HDFCMFGETF,HDFC MUTUAL FUND-HDFC GOLD EXCHANGE TRA,HDFCMFGETF
HDFCNIFETF,HDFCAMC - HD,HDFCNIFETF
HDFCSENETF,HDFCAMC - HD,HDFCSENETF
HDIL,HOUSING DEVELOPMENT AND INFRASTRUCTURE,HDIL
HEG,HEG,HEG
HEIDELBERG,HEIDELBERGCEMENT INDIA,HEIDELBERG
HELIOSMATH,HELIOS AND MATHESON INFORMATION TECHNOLOGY,HELIOSMATH
HERCULES,HERCULES HOISTS,HERCULES
HERITGFOOD,HERITAGE FOODS,HERITGFOOD
HEROMOTOCO,HERO MOTOCORP,HEROMOTOCO
HESTERBIO,HESTER BIOSCIENCES,HESTERBIO
HEXATRADEX,HEXA TRADEX,HEXATRADEX
HEXAWARE,HEXAWARE TECHNOLOGIES,HEXAWARE
HFCL,HIMACHAL FUTURISTIC COMMUNICATIONS,HFCL
HGINFRA,H.G. INFRA ENGINEERING,HGINFRA
HGS,HINDUJA GLOBAL SOLUTIONS,HGS
HGSL,HINDUJA GLOBAL SOLUTIONS,HGSL
HIGHGROUND,HIGH GROUND ENTERPRISE,HIGHGROUND
HIKAL,HIKAL,HIKAL
HIL,HIL,HIL
HILTON,HILTON METAL FORGING,HILTON
HIMATSEIDE,HIMATSINGKA SEIDE,HIMATSEIDE
HINDALCO,HINDALCO INDUSTRIES,HINDALCO
HINDCOMPOS,HINDUSTAN COMPOSITES,HINDCOMPOS
HINDCOPPER,HINDUSTAN COPPER,HINDCOPPER
HINDDORROL,HINDUSTAN DORR-OLIVER,HINDDORROL
HINDMOTORS,HINDUSTAN MOTORS,HINDMOTORS
HINDNATGLS,HINDUSTHAN NATIONAL GLASS & INDUSTRIES,HINDNATGLS
HINDOILEXP,HINDUSTAN OIL EXPLORATION COMPANY,HINDOILEXP
HINDPETRO,HINDUSTAN PETROLEUM CORPORATION,HINDPETRO
HINDSYNTEX,HIND SYNTEX,HINDSYNTEX
HINDUJAFO,HINDUJA FOUNDRIES,HINDUJAFO
HINDUJAVEN,HINDUJA VENTURES,HINDUJAVEN
HINDUNILVR,HINDUSTAN UNILEVER,HINDUNILVR
HINDZINC,HINDUSTAN ZINC,HINDZINC
HIRAFERRO,HIRA FERRO ALLOYS,HIRAFERRO
HIRECT,HIND RECTIFIERS,HIRECT
HISARMETAL,HISAR METAL INDUSTRIES,HISARMETAL
HITACHIHOM,HITACHI HOME AND LIFE SOLUTIONS (INDIA),HITACHIHOM
HITECH,HI-TECH PIPES,HITECH
HITECHCORP,HITECH CORPORATION,HITECHCORP
HITECHGEAR,THE HI-TECH GEARS,HITECHGEAR
HITECHPLAS,HITECH PLAST,HITECHPLAS
HMT,HMT,HMT
HMVL,HINDUSTAN MEDIA VENTURES,HMVL
HNGSNGBEES,R*SHARES HANG S,HNGSNGBEES
HOCL,HINDUSTAN ORGANIC CHEMICALS,HOCL
HONAUT,HONEYWELL AUTOMATION INDIA,HONAUT
HONDAPOWER,HONDA SIEL POWER PRODUCTS,HONDAPOWER
HOPFL,HOUSE OF PEARL FASHIONS,HOPFL
HORIZONINF,HORIZON INFRASTRUCTURE,HORIZONINF
HOTELEELA,HOTEL LEELA VENTURE,HOTELEELA
HOTELRUGBY,HOTEL RUGBY,HOTELRUGBY
HOVS,HOV SERVICES,HOVS
HPL,HPL ELECTRIC & POWER,HPL
HSCL,HIMADRI SPECIALITY CHEMICAL,HSCL
HSIL,HSIL,HSIL
HTMEDIA,HT MEDIA,HTMEDIA
HUBTOWN,HUBTOWN,HUBTOWN
HUDCO,HOUSING & URBAN DEVELOPMENT CORPORATION,HUDCO
HYDRBADIND,HYDERABAD INDUSTRIES,HYDRBADIND
HYDROSS,HYDRO S & S INDUSTRIES,HYDROSS
IBIPL,INDIABULLS INFRASTRUCTURE AND POWER,IBIPL
IBPOW,INDIABULLS POWER,IBPOW
IBREALEST,INDIABULLS REAL ESTATE,IBREALEST
IBSEC,INDIABULLS SECURITIES,IBSEC
IBULHSGFIN,INDIABULLS HOUSING FINANCE,IBULHSGFIN
IBULISL,INDIABULLS INTEGRATED SERVICES,IBULISL
IBVENTURES,INDIABULLS VENTURES,IBVENTURES
IBWSL,INDIABULLS WHOLESALE SERVICES,IBWSL
ICICI500,ICICIPRAMC - ,ICICI500
ICICIB22,ICICIPRAMC - BH,ICICIB22
ICICIBANK,ICICI BANK,ICICIBANK
ICICIGI,ICICI LOMBARD GENERAL INSURANCE COMPANY,ICICIGI
ICICIGOLD,ICICI PRUDENTIAL ,ICICIGOLD
ICICILOVOL,ICICI PR NIF LW V,ICICILOVOL
ICICIMCAP,ICICI PRUD MIDCAP,ICICIMCAP
ICICINF100,ICICI PRUD NIFTY,ICICINF100
ICICINIFTY,ICICI PRUD N,ICICINIFTY
ICICINV20,ICICI PRUDENTIAL ,ICICINV20
ICICIPRULI,ICICI PRUDENTIAL LIFE INSURANCE COMPANY,ICICIPRULI
ICICISENSX,ICICI PRUD SE,ICICISENSX
ICIL,INDO COUNT INDUSTRIES,ICIL
ICNX100,ICICI PRUDENTIAL NIFTY,ICNX100
ICRA,ICRA,ICRA
ICSA,ICSA (INDIA),ICSA
IDBI,IDBI BANK,IDBI
IDBIGOLD,IDBI MUTUAL FUND - IDBI GOLD EXCHANGE TRA,IDBIGOLD
IDEA,IDEA CELLULAR,IDEA
IDFC,IDFC,IDFC
IDFCBANK,IDFC BANK,IDFCBANK
IDFNIFTYET,IDFCAMC - ID,IDFNIFTYET
IEX,INDIAN ENERGY EXCHANGE,IEX
IFBAGRO,IFB AGRO INDUSTRIES,IFBAGRO
IFBIND,IFB INDUSTRIES,IFBIND
IFCI,IFCI,IFCI
IFGLEXPOR,IFGL REFRACTORIES,IFGLEXPOR
IFGLREFRAC,IFGL REFRACTORIES,IFGLREFRAC
IGARASHI,IGARASHI MOTORS INDIA,IGARASHI
IGL,INDRAPRASTHA GAS,IGL
IGOLD,ICICI PRUDENTIAL ,IGOLD
IGPL,IG PETROCHEMICALS,IGPL
IIFL,IIFL HOLDINGS,IIFL
IIFLNIFTY,IIFL MUTUAL FUND - N,IIFLNIFTY
IITL,INDUSTRIAL INVESTMENT TRUST,IITL
ILFSENGG,IL&FS ENGINEERING AND CONSTRUCTION COMPANY,ILFSENGG
ILFSTRANS,IL&FS TRANSPORTATION NETWORKS,ILFSTRANS
IMFA,INDIAN METALS & FERRO ALLOYS,IMFA
IMIDCAP,ICICIPRAMC -,IMIDCAP
IMPAL,INDIA MOTOR PARTS AND ACCESSORIES,IMPAL
IMPEXFERRO,IMPEX FERRO TECH,IMPEXFERRO
INDBANK,INDBANK MERCHANT BANKING SERVICES,INDBANK
INDHOTEL,THE INDIAN HOTELS COMPANY,INDHOTEL
INDIABULLS,INDIABULLS FINANCIAL SERVICES,INDIABULLS
INDIACEM,THE INDIA CEMENTS,INDIACEM
INDIAGLYCO,INDIA GLYCOLS,INDIAGLYCO
INDIAINFO,INDIA INFOLINE,INDIAINFO
INDIANB,IND,INDIANB
INDIANCARD,INDIAN CARD CLOTHING COMPANY,INDIANCARD
INDIANHUME,INDIAN HUME PIPE COMPANY,INDIANHUME
INDIGO,INTERGLOBE AVIATION,INDIGO
INDLMETER,IMP POWERS,INDLMETER
INDNIPPON,INDIA NIPPON ELECTRICALS,INDNIPPON
INDOCO,INDOCO REMEDIES,INDOCO
INDORAMA,INDO RAMA SYNTHETICS (INDIA),INDORAMA
INDOSOLAR,INDOSOLAR,INDOSOLAR
INDOSTAR,INDOSTAR CAPITAL FINANCE,INDOSTAR
INDOTECH,INDO TECH TRANSFORMERS,INDOTECH
INDOTHAI,INDO THAI SECURITIES,INDOTHAI
INDOWIND,INDOWIND ENERGY,INDOWIND
INDRAMEDCO,INDRAPRASTHA MEDICAL CORPORATION,INDRAMEDCO
INDSWFTLAB,IND-SWIFT LABORATORIES,INDSWFTLAB
INDSWFTLTD,IND-SWIFT,INDSWFTLTD
INDTERRAIN,INDIAN TERRAIN FASHIONS,INDTERRAIN
INDUSFILA,INDUS FILA,INDUSFILA
INDUSINDBK,INDUSIND BANK,INDUSINDBK
INEABS,INEOS ABS (INDIA),INEABS
INEOSSTYRO,INEOS STYROLUTION INDIA,INEOSSTYRO
INFIBEAM,INFIBEAM AVENUES,INFIBEAM
INFINITE,INFINITE COMPUTER SOLUTIONS (INDIA),INFINITE
INFODRIVE,INFO-DRIVE SOFTWARE,INFODRIVE
INFOMEDIA,INFOMEDIA PRESS,INFOMEDIA
INFOTECENT,INFOTECH ENTERPRISES,INFOTECENT
INFRABEES,R*SHARES IN,INFRABEES
INFRATEL,BHARTI INFRATEL,INFRATEL
INFY,INFOSYS,INFY
INGERRAND,INGERSOLL RAND (INDIA),INGERRAND
INGVYSYABK,ING VYSYA BANK,INGVYSYABK
INIFTY,ICICI PRUDENTIAL N,INIFTY
INNOIND,INNOVENTIVE INDUSTRIES,INNOIND
INOXLEISUR,INOX LEISURE,INOXLEISUR
INOXWIND,INOX WIND,INOXWIND
INSECTICID,INSECTICIDES (INDIA),INSECTICID
INTEGRA,INTEGRA GARMENTS AND TEXTILES,INTEGRA
INTELLECT,INTELLECT DESIGN ARENA,INTELLECT
INTENTECH,INTENSE TECHNOLOGIES,INTENTECH
INV20,ICICIPRAMC,INV20
INVENTURE,INVENTURE GROWTH & SECURITIES,INVENTURE
IOB,INDIAN OVERS,IOB
IOC,INDIAN OIL CORPORATION,IOC
IOLCP,IOL CHEMICALS AND PHARMACEUTICALS,IOLCP
IOLN,IOL NETCOM,IOLN
IPAPPM,INTERNATIONAL PAPER APPM,IPAPPM
IPCALAB,IPCA LABORATORIES,IPCALAB
IPGETF,ICICI PRUDENTIAL MUTUAL FUND-ICICI PRUDENTIAL GOLD EXCHANGE TRA,IPGETF
IPRINGLTD,IP RINGS,IPRINGLTD
IRB,IRB INFRASTRUCTURE DEVELOPERS,IRB
ISEC,ICICI SECURITIES,ISEC
ISENSEX,ICICI PRUDENTIAL SE,ISENSEX
ISFT,INTRASOFT TECHNOLOGIES,ISFT
ISMTLTD,ISMT,ISMTLTD
ITC,ITC,ITC
ITDC,INDIA TOURISM DEVELOPMENT CORPORATION,ITDC
ITDCEM,ITD CEMENTATION INDIA,ITDCEM
ITI,ITI,ITI
IVC,IL&FS INVESTMENT MANAGERS,IVC
IVP,IVP,IVP
IVRCLAH,IVRCL ASSETS & HOLDINGS,IVRCLAH
IVRCLINFRA,IVRCL,IVRCLINFRA
IVZINGOLD,INVESCO INDIA GOLD EXCHANGE TRA,IVZINGOLD
IVZINNIFTY,INVESCO INDIA NIFTY EXCHANGE TRA,IVZINNIFTY
IZMO,IZMO,IZMO
JAGRAN,JAGRAN PRAKASHAN,JAGRAN
JAGSNPHARM,JAGSONPAL PHARMACEUTICALS,JAGSNPHARM
JAIBALAJI,JAI BALAJI INDUSTRIES,JAIBALAJI
JAICORPLTD,JAI CORP,JAICORPLTD
JAIHINDPRO,JAIHIND PROJECTS,JAIHINDPRO
JAINSTUDIO,JAIN STUDIOS,JAINSTUDIO
JAMNAAUTO,JAMNA AUTO INDUSTRIES,JAMNAAUTO
JAYAGROGN,JAYANT AGRO ORGANICS,JAYAGROGN
JAYBARMARU,JAY BHARAT MARUTI,JAYBARMARU
JAYNECOIND,JAYASWAL NECO INDUSTRIES,JAYNECOIND
JAYSREETEA,JAYSHREE TEA & INDUSTRIES,JAYSREETEA
JBCHEPHARM,JB CHEMICALS & PHARMACEUTICALS,JBCHEPHARM
JBFIND,JBF INDUSTRIES,JBFIND
JBMA,JBM AUTO,JBMA
JCHAC,JOHNSON CONTROLS - HITACHI AIR CONDITIONING INDIA,JCHAC
JCTEL,JCT ELECTRONICS,JCTEL
JDORGOCHEM,JD ORGOCHEM,JDORGOCHEM
JENSONICOL,JENSON & NICHOLSON (INDIA),JENSONICOL
JETAIRWAYS,JET AIRWAYS (INDIA),JETAIRWAYS
JEYPORE,THE JEYPORE SUGAR COMPANY,JEYPORE
JHS,JHS SVENDGAARD LABORATORIES,JHS
JIKIND,JIK INDUSTRIES,JIKIND
JINDALPHOT,JINDAL PHOTO,JINDALPHOT
JINDALPOLY,JINDAL POLY FILMS,JINDALPOLY
JINDALSAW,JINDAL SAW,JINDALSAW
JINDALSTEL,JINDAL STEEL & POWER,JINDALSTEL
JINDALSWHL,JINDAL SOUTH WEST HOLDINGS,JINDALSWHL
JINDCOT,JINDAL COTEX,JINDCOT
JINDRILL,JINDAL DRILLING AND INDUSTRIES,JINDRILL
JINDWORLD,JINDAL WORLDWIDE,JINDWORLD
JISLDVREQS,JAIN IRRIGATION SYSTEMS,JISLDVREQS
JISLJALEQS,JAIN IRRIGATION SYSTEMS,JISLJALEQS
JITFINFRA,JITF INFRALOGISTICS,JITFINFRA
JKBANK,THE JAMMU & KASHMIR BANK,JKBANK
JKCEMENT,JK CEMENT,JKCEMENT
JKIL,J.KUMAR INFRAPROJECTS,JKIL
JKLAKSHMI,JK LAKSHMI CEMENT,JKLAKSHMI
JKPAPER,JK PAPER,JKPAPER
JKTYRE,JK TYRE & INDUSTRIES,JKTYRE
JMA,JULLUNDUR MOTOR AGENCY (DELHI),JMA
JMCPROJECT,JMC PROJECTS (INDIA),JMCPROJECT
JMFINANCIL,JM FINANCIAL,JMFINANCIL
JMTAUTOLTD,JMT AUTO,JMTAUTOLTD
JOCIL,JOCIL,JOCIL
JPASSOCIAT,JAIPRAKASH ASSOCIATES,JPASSOCIAT
JPINFRATEC,JAYPEE INFRATECH,JPINFRATEC
JPOLYINVST,JINDAL POLY INVESTMENT AND FINANCE COMPANY,JPOLYINVST
JPPOWER,JAIPRAKASH POWER VENTURES,JPPOWER
JSL,JINDAL STAINLESS,JSL
JSLHISAR,JINDAL STAINLESS (HISAR),JSLHISAR
JSWENERGY,JSW ENERGY,JSWENERGY
JSWHL,JSW HOLDINGS,JSWHL
JSWISPAT,JSW ISPAT STEEL,JSWISPAT
JSWSTEEL,JSW STEEL,JSWSTEEL
JTEKTINDIA,JTEKT INDIA,JTEKTINDIA
JUBILANT,JUBILANT LIFE SCIENCES,JUBILANT
JUBLFOOD,JUBILANT FOODWORKS,JUBLFOOD
JUBLINDS,JUBILANT INDUSTRIES,JUBLINDS
JUMBO,JUMBO BAG,JUMBO
JUNIORBEES,R*SHARES JUN,JUNIORBEES
JUPITER,JUPITER BIOSCIENCE,JUPITER
JUSTDIAL,JUST DIAL,JUSTDIAL
JVLAGRO,JVL AGRO INDUSTRIES,JVLAGRO
JYOTHYLAB,JYOTHY LABORATORIES,JYOTHYLAB
JYOTISTRUC,JYOTI STRUCTURES,JYOTISTRUC
KABRAEXTRU,KABRA EXTRUSION TECHNIK,KABRAEXTRU
KAJARIACER,KAJARIA CERAMICS,KAJARIACER
KAKATCEM,KAKATIYA CEMENT SUGAR & INDUSTRIES,KAKATCEM
KALECONSUL,KALE CONSULTANTS,KALECONSUL
KALINDEE,KALINDEE RAIL NIRMAN (ENGINEERS),KALINDEE
KALPATPOWR,KALPATARU POWER TRANSMISSION,KALPATPOWR
KALYANIFRG,KALYANI FORGE,KALYANIFRG
KAMATHOTEL,KAMAT HOTELS (I),KAMATHOTEL
KAMDHENU,KAMDHENU,KAMDHENU
KANANIIND,KANANI INDUSTRIES,KANANIIND
KANDAGIRI,KANDAGIRI SPINNING MILLS,KANDAGIRI
KANORICHEM,KANORIA CHEMICALS & INDUSTRIES,KANORICHEM
KANSAINER,KANSAI NEROLAC PAINTS,KANSAINER
KARDA,KARDA CONSTRUCTIONS,KARDA
KARMAENG,KARMA ENERGY,KARMAENG
KARURKCP,KARUR K.C.P. PACKKAGINGS,KARURKCP
KARURVYSYA,KARUR VYSYA BANK,KARURVYSYA
KAUSHALYA,KAUSHALYA INFRASTRUCTURE DEVELOPMENT CORPORATION,KAUSHALYA
KAVVERITEL,KAVVERI TELECOM PRODUCTS,KAVVERITEL
KAYA,KAYA,KAYA
KBIL,KIRLOSKAR BROTHERS INVESTMENTS,KBIL
KCP,KCP,KCP
KCPSUGIND,KCP SUGAR AND INDUSTRIES CORPORATION,KCPSUGIND
KDDL,KDDL,KDDL
KEC,KEC INTERNATIONAL,KEC
KECL,KIRLOSKAR ELECTRIC COMPANY,KECL
KEI,KEI INDUSTRIES,KEI
KELLTONTEC,KELLTON TECH SOLUTIONS,KELLTONTEC
KEMROCK,KEMROCK INDUSTRIES AND EXPORTS,KEMROCK
KERNEX,KERNEX MICROSYSTEMS (INDIA),KERNEX
KESARENT,KESAR ENTERPRISES,KESARENT
KESORAMIND,KESORAM INDUSTRIES,KESORAMIND
KEYCORPSER,KEYNOTE CORPORATE SERVICES,KEYCORPSER
KFA,KINGFISHER AIRLINES,KFA
KGL,KARUTURI GLOBAL,KGL
KHADIM,KHADIM INDIA,KHADIM
KHAITANELE,KHAITAN ELECTRICALS,KHAITANELE
KHAITANLTD,KHAITAN (INDIA),KHAITANLTD
KHANDSE,KHANDWALA SECURITIES,KHANDSE
KICL,KALYANI INVESTMENT COMPANY,KICL
KIL,KAMDHENU ISPAT,KIL
KILITCH,KILITCH DRUGS (INDIA),KILITCH
KINETICMOT,KINETIC MOTOR COMPANY,KINETICMOT
KINGFA,KINGFA SCIENCE & TECHNOLOGY (INDIA),KINGFA
KIOCL,KIOCL,KIOCL
KIRIINDUS,KIRI INDUSTRIES,KIRIINDUS
KIRLOSBROS,KIRLOSKAR BROTHERS,KIRLOSBROS
KIRLOSENG,KIRLOSKAR OIL ENGINES,KIRLOSENG
KIRLOSIND,KIRLOSKAR INDUSTRIES,KIRLOSIND
KITEX,KITEX GARMENTS,KITEX
KITPLYIND,KITPLY INDUSTRIES,KITPLYIND
KKCL,KEWAL KIRAN CLOTHING,KKCL
KLGSYSTEL,KLG SYSTEL,KLGSYSTEL
KLRF,KLRF,KLRF
KMSUGAR,K.M.SUGAR MILLS,KMSUGAR
KNRCON,KNR CONSTRUCTIONS,KNRCON
KOHINOOR,KOHINOOR FOODS,KOHINOOR
KOKUYOCMLN,KOKUYO CAMLIN,KOKUYOCMLN
KOLTEPATIL,KOLTE - PATIL DEVELOPERS,KOLTEPATIL
KOPDRUGS,KDL BIOTECH,KOPDRUGS
KOPRAN,KOPRAN,KOPRAN
KOTAKBANK,KOTAK MAHINDRA BANK,KOTAKBANK
KOTAKBKETF,KOTAK MAHINDRA MF - KOTAK BANKING ETF - DIVIDEND PAYOU,KOTAKBKETF
KOTAKGOLD,KOTAK MUTUAL FUND - GOLD EXCHANGE TRA,KOTAKGOLD
KOTAKNIFTY,KOTAK MAHINDRA MUTUAL FUND-KOTAK N,KOTAKNIFTY
KOTAKNV20,KOTAKMAMC - KT,KOTAKNV20
KOTAKPSUBK,KOTAK MAHINDRA MUT,KOTAKPSUBK
KOTARISUG,KOTHARI SUGARS AND CHEMICALS,KOTARISUG
KOTHARIPET,KOTHARI PETROCHEMICALS,KOTHARIPET
KOTHARIPRO,KOTHARI PRODUCTS,KOTHARIPRO
KOUTONS,KOUTONS RETAIL INDIA,KOUTONS
KOVAI,KOVAI MEDICAL CENTER & HOSPITAL,KOVAI
KPIT,KPIT TECHNOLOGIES,KPIT
KPRMILL,K.P.R. MILL,KPRMILL
KRBL,KRBL,KRBL
KREBSBIO,KREBS BIOCHEMICALS AND INDUSTRIES,KREBSBIO
KRIDHANINF,KRIDHAN INFRA,KRIDHANINF
KRISHNAENG,KRISHNA ENGINEERING WORKS,KRISHNAENG
KRITIIND,KRITI INDUSTRIES (INDIA),KRITIIND
KSBPUMPS,KSB PUMPS,KSBPUMPS
KSCL,KAVERI SEED COMPANY,KSCL
KSE,KSE,KSE
KSERASERA,KSS,KSERASERA
KSK,KSK ENERGY VENTURES,KSK
KSL,KALYANI STEELS,KSL
KSOILS,K S OILS,KSOILS
KTIL,KESAR TERMINALS & INFRASTRUCTURE,KTIL
KTKBANK,THE KARNATAKA BANK,KTKBANK
KTKNV20ETF,KOTAKMAMC - KT,KTKNV20ETF
KWALITY,KWALITY,KWALITY
LAKPRE,LAKSHMI PRECISION SCREWS,LAKPRE
LAKSHMIEFL,LAKSHMI ENERGY AND FOODS,LAKSHMIEFL
LAKSHMIFIN,THE LAKSHMI FINANCE & INDUSTRIAL CORPORATION,LAKSHMIFIN
LAKSHMIMIL,THE LAKSHMI MILLS COMPANY,LAKSHMIMIL
LAKSHVILAS,LAKSHMI VILAS BANK,LAKSHVILAS
LALPATHLAB,DR. LAL PATH L,LALPATHLAB
LAMBODHARA,LAMBODHARA TEXTILES,LAMBODHARA
LANCOIN,LANCO INDUSTRIES,LANCOIN
LAOPALA,LA OPALA RG,LAOPALA
LASA,LASA SUPERGENERICS,LASA
LAURUSLABS,LAURUS LABS,LAURUSLABS
LAXMIMACH,LAKSHMI MACHINE WORKS,LAXMIMACH
LCCINFOTEC,LCC INFOTECH,LCCINFOTEC
LEEL,LEEL ELECTRICALS,LEEL
LEMONTREE,LEMON TREE HOTELS,LEMONTREE
LFIC,LAKSHMI FINANCE & INDUSTRIAL CORPORATION,LFIC
LGBBROSLTD,LG BALAKRISHNAN & BROS,LGBBROSLTD
LGBFORGE,LGB FORGE,LGBFORGE
LIBERTSHOE,LIBERTY SHOES,LIBERTSHOE
LICHSGFIN,LIC HOUSING FINANCE,LICHSGFIN
LICNETFGSC,LIC NOMURA MF - LIC NOMURA MF G-SEC LT ,LICNETFGSC
LICNETFN50,LICNAMC - L,LICNETFN50
LICNETFSEN,LICNAMC - L,LICNETFSEN
LICNFENGP,LICNAMC - L,LICNFENGP
LICNFNHGP,LICNAMC - L,LICNFNHGP
LICNMFET,LIC NOMURA MF - LIC NOMURA MF G-SEC LT ,LICNMFET
LINCOLN,LINCOLN PHARMACEUTICALS,LINCOLN
LINCPEN,LINC PEN & PLASTICS,LINCPEN
LINDEINDIA,LINDE INDIA,LINDEINDIA
LIQUIDBEES,R*SHARES LIQ,LIQUIDBEES
LIQUIDETF,DSP BLACKROCK LI,LIQUIDETF
LITL,LANCO INFRATECH,LITL
LIX_15,NATIONAL STOCK EXCHANGE OF INDIA (NSE) STOCK INDEX ,LIX_15
LIX15_MIDCAP,NATIONAL STOCK EXCHANGE OF INDIA (NSE) STOCK INDEX - LIX1,LIX15_MIDCAP
LLOYDELENG,LLOYD ELECTRIC & ENGINEERING,LLOYDELENG
LLOYDFIN,LLOYDS FINANCE,LLOYDFIN
LLOYDSTEEL,LLOYDS STEEL INDUSTRIES,LLOYDSTEEL
LML,LML,LML
LOGIXMICRO,LOGIX MICROSYSTEMS,LOGIXMICRO
LOKESHMACH,LOKESH MACHINES,LOKESHMACH
LOTUSEYE,LOTUS EYE HOSPITAL AND INSTITUTE,LOTUSEYE
LOVABLE,LOVABLE LINGERIE,LOVABLE
LOWVOLIWIN,ICICIPRAMC - LO,LOWVOLIWIN
LPDC,LANDMARK PROPERTY DEVELOPMENT COMPANY,LPDC
LSIL,LLOYDS STEELS INDUSTRIES,LSIL
LT,LARSEN & TOUBRO,LT
LTFH,L&T FINANCE HOLDINGS,LTFH
LTI,LARSEN & TOUBRO INFOTECH,LTI
LTTS,L&T TECHNOLOGY SERVICES,LTTS
LUMAXAUTO,LUMAX AUTOMOTIVE SYSTEMS,LUMAXAUTO
LUMAXIND,LUMAX INDUSTRIES,LUMAXIND
LUMAXTECH,LUMAX AUTO TECHNOLOGIES,LUMAXTECH
LUPIN,LUPIN,LUPIN
LUXIND,LUX INDUSTRIES,LUXIND
LYCOS,LYCOS INTERNET,LYCOS
LYKALABS,LYKA LABS,LYKALABS
LYPSAGEMS,LYPSA GEMS & JEWELLERY,LYPSAGEMS
M100,MOTILAL OSWAL MUTUAL FUND - MOTILAL OSWAL MOST SHARES M10,M100
M50,MOTILAL OSWAL MUTUAL FUND - MOTILAL OSWAL MOST SHARES,M50
MAANALU,MAAN ALUMINIUM,MAANALU
MADHAV,MADHAV MARBLES AND GRANITES,MADHAV
MADHUCON,MADHUCON PROJECTS,MADHUCON
MADRASCEM,MADRAS CEMENTS,MADRASCEM
MADRASFERT,MADRAS FERTILIZERS,MADRASFERT
MAGADSUGAR,MAGADH SUGAR & ENERGY,MAGADSUGAR
MAGMA,MAGMA FINCORP,MAGMA
MAGNUM,MAGNUM VENTURES,MAGNUM
MAHABANK,BANK OF MAH,MAHABANK
MAHAPEXLTD,MAHA RASHTRA APEX CORPORATION,MAHAPEXLTD
MAHASTEEL,MAHAMAYA STEEL INDUSTRIES,MAHASTEEL
MAHINDCIE,MAHINDRA CIE AUTOMOTIVE,MAHINDCIE
MAHINDFORG,MAHINDRA FORGINGS,MAHINDFORG
MAHINDUGIN,MAHINDRA UGINE STEEL COMPANY,MAHINDUGIN
MAHLIFE,MAHINDRA LIFESPACE DEVELOPERS,MAHLIFE
MAHLOG,MAHINDRA LOGISTICS,MAHLOG
MAHSCOOTER,MAHARASHTRA SCOOTERS,MAHSCOOTER
MAHSEAMLES,MAHARASHTRA SEAMLESS,MAHSEAMLES
MAITHANALL,MAITHAN ALLOYS,MAITHANALL
MAJESCO,MAJESCO,MAJESCO
MAKE,MARICO KAYA ENTERPRISES,MAKE
MALUPAPER,MALU PAPER MILLS,MALUPAPER
MALWACOTT,MALWA COTTON SPG. MILLS,MALWACOTT
MANAKALUCO,MANAKSIA ALUMINIUM COMPANY,MANAKALUCO
MANAKCOAT,MANAKSIA COATED METALS & INDUSTRIES,MANAKCOAT
MANAKINDST,MANAKSIA INDUSTRIES,MANAKINDST
MANAKSIA,MANAKSIA,MANAKSIA
MANAKSTEEL,MANAKSIA STEELS,MANAKSTEEL
MANALIPETC,MANALI PETROCHEMICALS,MANALIPETC
MANAPPURAM,MANAPPURAM FINANCE,MANAPPURAM
MANDHANA,MANDHANA INDUSTRIES,MANDHANA
MANGALAM,MANGALAM DRUGS AND ORGANICS,MANGALAM
MANGCHEFER,MANGALORE CHEMICALS & FERTILIZERS,MANGCHEFER
MANGLMCEM,MANGALAM CEMENT,MANGLMCEM
MANGTIMBER,MANGALAM TIMBER PRODUCTS,MANGTIMBER
MANINDS,MAN INDUSTRIES (INDIA),MANINDS
MANINFRA,MAN INFRACONSTRUCTION,MANINFRA
MANJEERA,MANJEERA CONSTRUCTIONS,MANJEERA
MANJUSHREE,MANJUSHREE TECHNOPACK,MANJUSHREE
MANPASAND,MANPASAND BEVERAGES,MANPASAND
MANUGRAPH,MANUGRAPH INDIA,MANUGRAPH
MARALOVER,MARAL OVERSEAS,MARALOVER
MARATHON,MARATHON NEXTGEN REALTY,MARATHON
MARG,MARG,MARG
MARICO,MARICO,MARICO
MARKSANS,MARKSANS PHARMA,MARKSANS
MARUTI,MARUTI SUZUKI INDIA,MARUTI
MASFIN,MAS FINANCIAL SERVICES,MASFIN
MASKINVEST,MASK INVESTMENTS,MASKINVEST
MASTEK,MASTEK,MASTEK
MATRIMONY,MATRIMONY.COM,MATRIMONY
MAWANASUG,MAWANA SUGARS,MAWANASUG
MAX,MAX INDIA,MAX
MAXINDIA,MAX INDIA,MAXINDIA
MAXVIL,MAX VENTURES AND INDUSTRIES,MAXVIL
MAXWELL,MAXWELL INDUSTRIES,MAXWELL
MAYURUNIQ,MAYUR UNIQUO,MAYURUNIQ
MAZDA,MAZDA,MAZDA
MBECL,MCNALLY BHARAT ENGINEERING COMPANY,MBECL
MBLINFRA,MBL INFRASTRUCTURES,MBLINFRA
MBSWITCH,M AND B SWITCHGEARS,MBSWITCH
MCDHOLDING,MCDOWELL HOLDINGS,MCDHOLDING
MCDOWELL_N,UNITED SPIRITS,MCDOWELL_N
MCLEODRUSS,MCLEOD RUSSEL INDIA,MCLEODRUSS
MCX,MULTI COMMODITY EXCHANGE OF INDIA,MCX
MEGASOFT,MEGASOFT,MEGASOFT
MEGH,MEGHMANI ORGANICS,MEGH
MELSTAR,MELSTAR INFORMATION TECHNOLOGIES,MELSTAR
MENONBE,MENON BEARINGS,MENONBE
MEP,MEP INFRASTRUCTURE DEVELOPERS,MEP
MERCATOR,MERCATOR,MERCATOR
MERCK,MERCK,MERCK
METALFORGE,METALYST FORGINGS,METALFORGE
METKORE,METKORE ALLOYS & INDUSTRIES,METKORE
MFSL,MAX FINANCIAL SERVICES,MFSL
MGL,MAHANAGAR GAS,MGL
MGOLD,MOTILAL OSWAL MUTUAL FUND - MOTILAL OSWAL MOST SHARES ,MGOLD
MHRIL,MAHINDRA HOLIDAYS & RESORTS INDIA,MHRIL
MIC,MIC ELECTRONICS,MIC
MICROSEC,MICROSEC FINANCIAL SERVICES,MICROSEC
MICROTECH,MICRO TECHNOLOGIES (INDIA),MICROTECH
MIDCAPIWIN,ICICI PRUDENTIAL MIDCAP SE,MIDCAPIWIN
MIDHANI,MISHRA DHATU NIGAM,MIDHANI
MINDACORP,MINDA CORPORATION,MINDACORP
MINDAIND,MINDA INDUSTRIES,MINDAIND
MINDTECK,MINDTECK (INDIA),MINDTECK
MINDTREE,MINDTREE,MINDTREE
MIRCELECTR,MIRC ELECTRONICS,MIRCELECTR
MIRZAINT,MIRZA INTERNATIONAL,MIRZAINT
MLL,MERCATOR LINES,MLL
MM,MAHINDRA & MAHINDRA,MM
MMFIN,MAHINDRA & MAHINDRA FINANCIAL SERVICES,MMFIN
MMFL,MM FORGINGS,MMFL
MMFSL,MONEY MATTERS FINANCIAL SERVICES,MMFSL
MMTC,MMTC,MMTC
MMWL,MEDIA MATRIX WORLDWIDE,MMWL
MODIRUBBER,MODI RUBBER,MODIRUBBER
MOHITIND,MOHIT INDUSTRIES,MOHITIND
MOHOTAIND,MOHOTA INDUSTRIES,MOHOTAIND
MOHOTAMILL,RAISAHEB RECKHCHAND MOHOTA SPINNING & WEAVING MILLS,MOHOTAMILL
MOIL,MOIL,MOIL
MOLDTECH,MOLD-TEK TECHNOLOGIES,MOLDTECH
MOLDTKPAC,MOLD-TEK PACKAGING,MOLDTKPAC
MONNETISPA,MONNET ISPAT AND ENERGY,MONNETISPA
MONSANTO,MONSANTO INDIA,MONSANTO
MONTECARLO,MONTE CARLO FASHIONS,MONTECARLO
MORARJEE,MORARJEE TEXTILES,MORARJEE
MORARJETEX,MORARJEE TEXTILES,MORARJETEX
MOREPENLAB,MOREPEN LABORATORIES,MOREPENLAB
MOSERBAER,MOSER-BAER (I),MOSERBAER
MOTHERSUMI,MOTHERSON SUMI SYSTEMS,MOTHERSUMI
MOTILALOFS,MOTILAL OSWAL FINANCIAL SERVICES,MOTILALOFS
MOTOGENFIN,THE MOTOR & GENERAL FINANCE,MOTOGENFIN
MPHASIS,MPHASIS,MPHASIS
MPSLTD,MPS,MPSLTD
MRF,MRF,MRF
MRO_TEK,MRO-TEK REALTY,MRO_TEK
MRPL,MANGALORE REFINERY AND PETROCHEMICALS,MRPL
MSPL,MSP STEEL & POWER,MSPL
MTEDUCARE,MT EDUCARE,MTEDUCARE
MTNL,MAHANAGAR TELEPHONE NIGAM,MTNL
MUDRA,MUDRA LIFESTYLE,MUDRA
MUKANDENGG,MUKAND ENGINEERS,MUKANDENGG
MUKANDLTD,MUKAND,MUKANDLTD
MUKTAARTS,MUKTA ARTS,MUKTAARTS
MUNDRAPORT,MUNDRA PORT AND SPECIAL ECONOMIC ZONE,MUNDRAPORT
MUNJALAU,MUNJAL AUTO INDUSTRIES,MUNJALAU
MUNJALSHOW,MUNJAL SHOWA,MUNJALSHOW
MURLIIND,MURLI INDUSTRIES,MURLIIND
MURUDCERA,MURUDESHWAR CERAMICS,MURUDCERA
MUTHOOTCAP,MUTHOOT CAPITAL SERVICES,MUTHOOTCAP
MUTHOOTFIN,MUTHOOT FINANCE,MUTHOOTFIN
MVL,MVL,MVL
MVLIND,MVL INDUSTRIES,MVLIND
MYSOREBANK,STATE BANK O,MYSOREBANK
N100,MOTILAL OSWAL MUTUAL FUND-MOTILAL OSWAL MOST SHARES NASDAQ 100,N100
NACLIND,NACL INDUSTRIES,NACLIND
NAGAAGRI,NAGARJUNA AGRICHEM,NAGAAGRI
NAGAFERT,NAGARJUNA FERTILIZERS AND CHEMICALS,NAGAFERT
NAGAROIL,NAGARJUNA OIL REFINERY,NAGAROIL
NAGREEKCAP,NAGREEKA CAPITAL & INFRASTRUCTURE,NAGREEKCAP
NAGREEKEXP,NAGREEKA EXPORTS,NAGREEKEXP
NAHARCAP,NAHAR CAPITAL AND FINANCIAL SERVICES,NAHARCAP
NAHARINDUS,NAHAR INDUSTRIAL ENTERPRISES,NAHARINDUS
NAHARPOLY,NAHAR POLY FILMS,NAHARPOLY
NAHARSPING,NAHAR SPINNING MILLS,NAHARSPING
NAKODA,NAKODA,NAKODA
NANDAN,NANDAN EXIM,NANDAN
NANDANEXIM,NANDAN EXIM,NANDANEXIM
NATCOPHARM,NATCO PHARMA,NATCOPHARM
NATHBIOGEN,NATH BIO-GENES (INDIA),NATHBIOGEN
NATHSEED,NATH SEEDS ,NATHSEED
NATIONALUM,NATIONAL ALUMINIUM COMPANY,NATIONALUM
NATNLSTEEL,NATIONAL STEEL AND AGRO INDUSTRIES,NATNLSTEEL
NAUKRI,INFO EDGE (INDIA),NAUKRI
NAVINFLUOR,NAVIN FLUORINE INTERNATIONAL,NAVINFLUOR
NAVKARCORP,NAVKAR CORPORATION,NAVKARCORP
NAVNETEDUL,NAVNEET EDUCATION,NAVNETEDUL
NAVNETPUBL,NAVNEET PUBLICATIONS INDIA,NAVNETPUBL
NBCC,NBCC (INDIA),NBCC
NBIFIN,N. B. I. INDUSTRIAL FINANCE COMPANY,NBIFIN
NBVENTURES,NAVA BHARAT VENTURES,NBVENTURES
NCC,NCC,NCC
NCLIND,NCL INDUSTRIES,NCLIND
NCOPPER,NISSAN COPPER,NCOPPER
NDGL,NAGA DHUNSERI GROUP,NDGL
NDL,NANDAN DENIM,NDL
NDTV,NEW DELHI TELEVISION,NDTV
NECCLTD,NORTH EASTERN CARRYING CORPORATION,NECCLTD
NECLIFE,NECTAR LIFESCIENCES,NECLIFE
NEHAINT,NEHA INTERNATIONAL,NEHAINT
NELCAST,NELCAST,NELCAST
NELCO,NELCO,NELCO
NEOCORP,NEO CORP INTERNATIONAL,NEOCORP
NEOCURE,NEOCURE THERAPEUTICS,NEOCURE
NEPCMICON,NEPC INDIA,NEPCMICON
NESCO,NESCO,NESCO
NESTLEIND,NESTLE INDIA,NESTLEIND
NET4,NET 4 INDIA,NET4
NETWORK18,NETWORK18 MEDIA & INVESTMENTS,NETWORK18
NEULANDLAB,NEULAND LABORATORIES,NEULANDLAB
NEWGEN,NEWGEN SOFTWARE TECHNOLOGIES,NEWGEN
NEXTMEDIA,NEXT MEDIAWORKS,NEXTMEDIA
NEYVELILIG,NEYVELI LIGNITE CORPORATION,NEYVELILIG
NFL,NATIONAL FERTILIZERS,NFL
NGCT,NORTHGATE COM TECH,NGCT
NH,NARAYANA HRUDAYAL,NH
NHPC,NHPC,NHPC
NI15,NATIONAL STOCK EXCHANGE OF INDIA (NSE) STOCK INDE,NI15
NIACL,THE NEW INDIA ASSURANCE COMPANY,NIACL
NIBL,NRB INDUSTRIAL BEARINGS,NIBL
NICCO,NICCO CORPORATION,NICCO
NIF100IWIN,ICICI PRUDENTIAL NIFTY,NIF100IWIN
NIFTY_100,NATIONAL STOCK EXCHANGE OF INDIA (NSE) STOCK INDEX - N,NIFTY_100
NIFTY100_EQUAL_WEIGHT,NATIONAL STOCK EXCHANGE OF INDIA (NSE) STOCK INDEX - NIFTY 100 EQUA,NIFTY100_EQUAL_WEIGHT
NIFTY100_LIQ_15,NATIONAL STOCK EXCHANGE OF INDIA (NSE) STOCK INDEX - NIFTY10,NIFTY100_LIQ_15
NIFTY_200,NATIONAL STOCK EXCHANGE OF INDIA (NSE) STOCK INDEX - N,NIFTY_200
NIFTY_50,NATIONAL STOCK EXCHANGE OF INDIA (NSE) STOCK INDEX - ,NIFTY_50
NIFTY_500,NATIONAL STOCK EXCHANGE OF INDIA (NSE) STOCK INDEX - N,NIFTY_500
NIFTY500_SHARIAH,NATIONAL STOCK EXCHANGE OF INDIA (NSE) STOCK INDEX - NIFTY500,NIFTY500_SHARIAH
NIFTY50_DIV_POINT,NATIONAL STOCK EXCHANGE OF INDIA (NSE) STOCK INDEX - NIFTY50 DIVIDEN,NIFTY50_DIV_POINT
NIFTY50_SHARIAH,NATIONAL STOCK EXCHANGE OF INDIA (NSE) STOCK INDEX - NIFTY50,NIFTY50_SHARIAH
NIFTY50_VALUE_20,NATIONAL STOCK EXCHANGE OF INDIA (NSE) STOCK INDEX - NIFTY50 ,NIFTY50_VALUE_20
NIFTY_ALPHA_50,NATIONAL STOCK EXCHANGE OF INDIA (NSE) STOCK INDEX - NIFTY ,NIFTY_ALPHA_50
NIFTY_AUTO,NATIONAL STOCK EXCHANGE OF INDIA (NSE) STOCK INDEX - NI,NIFTY_AUTO
NIFTY_BANK,NATIONAL STOCK EXCHANGE OF INDIA (NSE) STOCK INDEX - NI,NIFTY_BANK
NIFTYBEES,R*SHARES NI,NIFTYBEES
NIFTY_COMMODITIES,NATIONAL STOCK EXCHANGE OF INDIA (NSE) STOCK INDEX - NIFTY COM,NIFTY_COMMODITIES
NIFTY_CONSUMPTION,NATIONAL STOCK EXCHANGE OF INDIA (NSE) STOCK INDEX - NIFTY INDIA CON,NIFTY_CONSUMPTION
NIFTY_CPSE,NATIONAL STOCK EXCHANGE OF INDIA (NSE) STOCK INDEX - NI,NIFTY_CPSE
NIFTY_DIVIDEND,NATIONAL STOCK EXCHANGE OF INDIA (NSE) STOCK INDEX - CNX NIFTY ,NIFTY_DIVIDEND
NIFTY_DIV_OPPS_50,NATIONAL STOCK EXCHANGE OF INDIA (NSE) STOCK INDEX - NIFTY DIVIDEND OPPORTUN,NIFTY_DIV_OPPS_50
NIFTYEES,EDELWEISS ETF - ,NIFTYEES
NIFTY_ENERGY,NATIONAL STOCK EXCHANGE OF INDIA (NSE) STOCK INDEX - NIFT,NIFTY_ENERGY
NIFTY_FIN_SERVICE,NATIONAL STOCK EXCHANGE OF INDIA (NSE) STOCK INDEX - NIFTY FINANCIAL ,NIFTY_FIN_SERVICE
NIFTY_FMCG,NATIONAL STOCK EXCHANGE OF INDIA (NSE) STOCK INDEX - NI,NIFTY_FMCG
NIFTY_GROWSECT_15,NATIONAL STOCK EXCHANGE OF INDIA (NSE) STOCK INDEX - NIFTY GROWTH SE,NIFTY_GROWSECT_15
NIFTY_HIGH_BETA_50,NATIONAL STOCK EXCHANGE OF INDIA (NSE) STOCK INDEX - NIFTY HIGH,NIFTY_HIGH_BETA_50
NIFTY_INFRA,NATIONAL STOCK EXCHANGE OF INDIA (NSE) STOCK INDEX - NIF,NIFTY_INFRA
NIFTY_IT,NATIONAL STOCK EXCHANGE OF INDIA (NSE) STOCK INDEX - ,NIFTY_IT
NIFTYIWIN,ICICI PRUDENTIAL NIFTY EXCHANGE TRA,NIFTYIWIN
NIFTY_LOW_VOLATILITY_50,NATIONAL STOCK EXCHANGE OF INDIA (NSE) STOCK INDEX - NIFTY LOW VOLAT,NIFTY_LOW_VOLATILITY_50
NIFTY_MEDIA,NATIONAL STOCK EXCHANGE OF INDIA (NSE) STOCK INDEX - NIF,NIFTY_MEDIA
NIFTY_METAL,NATIONAL STOCK EXCHANGE OF INDIA (NSE) STOCK INDEX - NIF,NIFTY_METAL
NIFTY_MIDCAP_100,NATIONAL STOCK EXCHANGE OF INDIA (NSE) STOCK INDEX - NIFTY MI,NIFTY_MIDCAP_100
NIFTY_MIDCAP_50,NATIONAL STOCK EXCHANGE OF INDIA (NSE) STOCK INDEX - NIFTY M,NIFTY_MIDCAP_50
NIFTY_MIDCAP_LIQUID_15,NATIONAL STOCK EXCHANGE OF INDIA (NSE) STOCK INDEX - NIFTY MIDCAP L,NIFTY_MIDCAP_LIQUID_15
NIFTY_MNC,NATIONAL STOCK EXCHANGE OF INDIA (NSE) STOCK INDEX - N,NIFTY_MNC
NIFTY_PHARMA,NATIONAL STOCK EXCHANGE OF INDIA (NSE) STOCK INDEX - NIFT,NIFTY_PHARMA
NIFTY_PSE,NATIONAL STOCK EXCHANGE OF INDIA (NSE) STOCK INDEX - N,NIFTY_PSE
NIFTY_PSU_BANK,NATIONAL STOCK EXCHANGE OF INDIA (NSE) STOCK INDEX - NIFTY ,NIFTY_PSU_BANK
NIFTY_REALTY,NATIONAL STOCK EXCHANGE OF INDIA (NSE) STOCK INDEX - NIFT,NIFTY_REALTY
NIFTY_SERV_SECTOR,NATIONAL STOCK EXCHANGE OF INDIA (NSE) STOCK INDEX - NIFTY SERVICE,NIFTY_SERV_SECTOR
NIFTY_SHARIAH_25,NATIONAL STOCK EXCHANGE OF INDIA (NSE) STOCK INDEX - NIFTY SH,NIFTY_SHARIAH_25
NIFTY_SMALL_100,NATIONAL STOCK EXCHANGE OF INDIA (NSE) STOCK INDEX - NIFTY S,NIFTY_SMALL_100
NIITLTD,NIIT,NIITLTD
NIITTECH,NIIT TECHNOLOGIES,NIITTECH
NILAINFRA,NILA INFRASTRUCTURES,NILAINFRA
NILKAMAL,NILKAMAL,NILKAMAL
NIPPOBATRY,INDO-NATIONAL,NIPPOBATRY
NIRVIKARA,NIRVIKARA PAPER MILLS,NIRVIKARA
NITCO,NITCO,NITCO
NITESHEST,NITESH ESTATES,NITESHEST
NITINFIRE,NITIN FIRE PROTECTION INDUSTRIES,NITINFIRE
NITINSPIN,NITIN SPINNERS,NITINSPIN
NKIND,NK INDUSTRIES,NKIND
NLCINDIA,NLC INDIA,NLCINDIA
NMDC,NMDC,NMDC
NOCIL,NOCIL,NOCIL
NOESISIND,NOESIS INDUSTRIES,NOESISIND
NOIDATOLL,NOIDA TOLL BRIDGE COMPANY,NOIDATOLL
NOL,NATIONAL OXYGEN,NOL
NORBTEAEXP,NORBEN TEA & EXPORTS,NORBTEAEXP
NORTHGATE,NORTHGATE TECHNOLOGIES,NORTHGATE
NOVOPANIND,NOVOPAN INDUSTRIES,NOVOPANIND
NRAIL,N R AGARWAL INDUSTRIES,NRAIL
NRBBEARING,NRB BEARING,NRBBEARING
NRC,NRC,NRC
NSIL,NALWA SONS INVESTMENTS,NSIL
NTL,NEUEON TOWERS,NTL
NTPC,NTPC,NTPC
NUCENT,NUCENT FINANCE,NUCENT
NUCHEM,NUCHEM,NUCHEM
NUCLEUS,NUCLEUS SOFTWARE EXPORTS,NUCLEUS
NUMERICPW,NUMERIC POWER SYSTEMS,NUMERICPW
NUTEK,NU TEK INDIA,NUTEK
NV20,NATIONAL STOCK EXCHANGE OF INDIA (NSE) STOCK INDEX,NV20
NV20IWIN,ICICI PRUDENTIAL ,NV20IWIN
OBEROIRLTY,OBEROI REALTY,OBEROIRLTY
OCCL,ORIENTAL CARBON & CHEMICALS,OCCL
OCL,OCL INDIA,OCL
OFSS,ORACLE FINANCIAL SERVICES SOFTWARE,OFSS
OIL,OIL INDIA,OIL
OILCOUNTUB,OIL COUNTRY TUBULAR,OILCOUNTUB
OISL,OCL IRON AND STEEL,OISL
OLECTRA,OLECTRA GREENTECH,OLECTRA
OMAXAUTO,OMAX AUTOS,OMAXAUTO
OMAXE,OMAXE,OMAXE
OMKARCHEM,OMKAR SPECIALITY CHEMICALS,OMKARCHEM
OMMETALS,OM METALS INFRAPROJECTS,OMMETALS
OMNITECH,OMNITECH INFOSOLUTIONS,OMNITECH
ONELIFECAP,ONELIFE CAPITAL ADVISORS,ONELIFECAP
ONGC,OIL & NATURAL GAS CORPORATION,ONGC
ONMOBILE,ONMOBILE GLOBAL,ONMOBILE
ONWARDTEC,ONWARD TECHNOLOGIES,ONWARDTEC
OPTIEMUS,OPTIEMUS INFRACOM,OPTIEMUS
OPTOCIRCUI,OPTO CIRCUITS (INDIA),OPTOCIRCUI
ORBITCORP,ORBIT CORPORATION,ORBITCORP
ORBTEXP,ORBIT EXPORTS,ORBTEXP
ORCHIDCHEM,ORCHID CHEMICALS & PHARMACEUTICALS,ORCHIDCHEM
ORCHIDPHAR,ORCHID PHARMA,ORCHIDPHAR
ORICONENT,ORICON ENTERPRISES,ORICONENT
ORIENTABRA,ORIENT ABRASIVES,ORIENTABRA
ORIENTALTL,ORIENTAL TRIMEX,ORIENTALTL
ORIENTBANK,ORIENTAL BANK OF ,ORIENTBANK
ORIENTBELL,ORIENT BELL,ORIENTBELL
ORIENTCEM,ORIENT CEMENT,ORIENTCEM
ORIENTCERA,ORIENT CERAMICS AND INDUSTRIES,ORIENTCERA
ORIENTELEC,ORIENT ELECTRIC,ORIENTELEC
ORIENTHOT,ORIENTAL HOTELS,ORIENTHOT
ORIENTLTD,ORIENT PRESS,ORIENTLTD
ORIENTPPR,ORIENT PAPER & INDUSTRIES,ORIENTPPR
ORIENTREF,ORIENT REFRACTORIES,ORIENTREF
ORISSAMINE,THE ORISSA MINERALS DEVELOPMENT COMPANY,ORISSAMINE
ORTEL,ORTEL COMMUNICATIONS,ORTEL
ORTINLABSS,ORTIN LABORATORIES,ORTINLABSS
OSWALAGRO,OSWAL AGRO MILLS,OSWALAGRO
OSWALMIN,OSWAL MINERALS,OSWALMIN
OUDHSUG,THE OUDH SUGAR MILLS,OUDHSUG
PAEL,PAE,PAEL
PAGEIND,PAGE INDUSTRIES,PAGEIND
PAISALO,PAISALO DIGITAL,PAISALO
PALASHSECU,PALASH SECURITIES,PALASHSECU
PALRED,PALRED TECHNOLOGIES,PALRED
PALREDTEC,PALRED TECHNOLOGIES,PALREDTEC
PALREDTECH,PALRED TECHNOLOGIES,PALREDTECH
PANACEABIO,PANACEA BIOTEC,PANACEABIO
PANAMAPET,PANAMA PETROCHEM,PANAMAPET
PANASONIC,PANASONIC APPLIANCES INDIA COMPANY,PANASONIC
PANCARBON,PANASONIC CARBON INDIA COMPANY,PANCARBON
PANCHSHEEL,PANCHSHEEL ORGANICS,PANCHSHEEL
PANORAMUNI,PANORAMIC UNIVERSAL,PANORAMUNI
PANTALOONR,PANTALOON RETAIL (INDIA),PANTALOONR
PAPERPROD,HUHTAMAKI PPL,PAPERPROD
PARABDRUGS,PARABOLIC DRUGS,PARABDRUGS
PARACABLES,PARAMOUNT COMMUNICATIONS,PARACABLES
PARAGMILK,PARAG MILK FOODS,PARAGMILK
PARAL,PAREKH ALUMINEX,PARAL
PARAPRINT,PARAMOUNT PRINTPACKAGING,PARAPRINT
PARASPETRO,PARAS PETROFILS,PARASPETRO
PARRYSUGAR,PARRYS SUGAR INDUSTRIES,PARRYSUGAR
PARSVNATH,PARSVNATH DEVELOPERS,PARSVNATH
PATELENG,PATEL ENGINEERING,PATELENG
PATINTLOG,PATEL INTEGRATED LOGISTICS,PATINTLOG
PATNI,PATNI COMPUTER SYSTEMS,PATNI
PATSPINLTD,PATSPIN INDIA,PATSPINLTD
PBAINFRA,PBA INFRASTRUCTURE,PBAINFRA
PCJEWELLER,PC JEWELLER,PCJEWELLER
PDMJEPAPER,PUDUMJEE PAPER PRODUCTS,PDMJEPAPER
PDPL,PARENTERAL DRUGS (INDIA),PDPL
PDSMFL,PDS MULTINATIONAL FASHIONS,PDSMFL
PDUMJEIND,PUDUMJEE INDUSTRIES,PDUMJEIND
PDUMJEPULP,PUDUMJEE PULP & PAPER MILLS,PDUMJEPULP
PEACOCKIND,PEACOCK INDUSTRIES,PEACOCKIND
PEARLPOLY,PEARL POLYMERS,PEARLPOLY
PEL,PIRAMAL ENTERPRISES,PEL
PENIND,PENNAR INDUSTRIES,PENIND
PENINLAND,PENINSULA LAND,PENINLAND
PENPEBS,PENNAR ENGINEERED BUILDING SYSTEMS,PENPEBS
PEPL,PEARL ENGINEERING POLYMERS,PEPL
PERIATEA,THE PERIA KARAMALAI TEA & PRODUCE COMPANY,PERIATEA
PERSISTENT,PERSISTENT SYSTEMS,PERSISTENT
PETRONENGG,PETRON ENGINEERING CONSTRUCTION,PETRONENGG
PETRONET,PETRONET LNG,PETRONET
PFC,POWER FINANCE CORPORATION,PFC
PFIZER,PFIZER,PFIZER
PFOCUS,PRIME FOCUS,PFOCUS
PFRL,PANTALOONS FASHION & RETAIL,PFRL
PFS,PTC INDIA FINANCIAL SERVICES,PFS
PGEL,PG ELECTROPLAST,PGEL
PGHH,PROCTER & GAMBLE HYGIENE AND HEALTH CARE,PGHH
PGIL,PEARL GLOBAL INDUSTRIES,PGIL
PHILIPCARB,PHILLIPS CARBON BLACK,PHILIPCARB
PHOENIXLL,PHOENIX LAMPS,PHOENIXLL
PHOENIXLTD,THE PHOENIX MILLS,PHOENIXLTD
PIDILITIND,PIDILITE INDUSTRIES,PIDILITIND
PIIND,PI INDUSTRIES,PIIND
PILANIINV,PILANI INVESTMENT AND INDUSTRIES CORPORATION,PILANIINV
PILANIINVS,PILANI INVESTMENT AND INDUSTRIES CORPORATION,PILANIINVS
PILIND,PEACOCK INDUSTRIES,PILIND
PILITA,PIL ITALICA LIFESTYLE,PILITA
PINCON,PINCON SPIRIT,PINCON
PIONDIST,PIONEER DISTILLERIES,PIONDIST
PIONEEREMB,PIONEER EMBROIDERIES,PIONEEREMB
PIPAVAVDOC,PIPAVAV DEFENCE AND OFFSHORE ENGINEERING COMPANY,PIPAVAVDOC
PIRGLASS,PIRAMAL GLASS,PIRGLASS
PIRHEALTH,PIRAMAL HEALTHCARE,PIRHEALTH
PIRLIFE,PIRAMAL LIFE SCIENCES,PIRLIFE
PIRPHYTO,PIRAMAL PHYTOCARE,PIRPHYTO
PITTIENG,PITTI ENGINEERING,PITTIENG
PITTILAM,PITTI LAMINATIONS,PITTILAM
PKTEA,THE PERIA KARAMALAI TEA & PRODUCE COMPANY,PKTEA
PLASTIBLEN,PLASTIBLENDS INDIA,PLASTIBLEN
PLETHICO,PLETHICO PHARMACEUTICALS,PLETHICO
PNB,PUNJAB NATIO,PNB
PNBGILTS,PNB GILTS,PNBGILTS
PNBHOUSING,PNB HOUSING FINANCE,PNBHOUSING
PNC,PRITISH NANDY COMMUNICATIONS,PNC
PNCINFRA,PNC INFRATECH,PNCINFRA
PNEUMATIC,PNEUMATIC HOLDINGS,PNEUMATIC
POCHIRAJU,POCHIRAJU INDUSTRIES,POCHIRAJU
PODDARHOUS,PODDAR HOUSING AND DEVELOPMENT,PODDARHOUS
PODDARMENT,PODDAR PIGMENTS,PODDARMENT
POKARNA,POKARNA,POKARNA
POLARIND,POLAR INDUSTRIES,POLARIND
POLARIS,POLARIS CONSULTING & SERVICES,POLARIS
POLYMED,POLY MEDICURE,POLYMED
POLYPLEX,POLYPLEX CORPORATION,POLYPLEX
PONDYOXIDE,PONDY OXIDES & CHEMICALS,PONDYOXIDE
PONNIERODE,PONNI SUGARS (ERODE),PONNIERODE
POWERGRID,POWER GRID CORPORATION OF INDIA,POWERGRID
POWERMECH,POWER MECH PROJECTS,POWERMECH
PPAP,PPAP AUTOMOTIVE,PPAP
PRABHAT,PRABHAT DAIRY,PRABHAT
PRADIP,PRADIP OVERSEAS,PRADIP
PRAENG,PRAJAY ENGINEERS SYNDICATE,PRAENG
PRAJIND,PRAJ INDUSTRIES,PRAJIND
PRAKASH,PRAKASH INDUSTRIES,PRAKASH
PRAKASHCON,PRAKASH CONSTROWELL,PRAKASHCON
PRAKASHSTL,PRAKASH STEELAGE,PRAKASHSTL
PRATIBHA,PRATIBHA INDUSTRIES,PRATIBHA
PRAXIS,PRAXIS HOME RETAIL,PRAXIS
PRECAM,PRECISION CAMSHAFTS,PRECAM
PRECOT,PRECOT MERIDIAN,PRECOT
PRECWIRE,PRECISION WIRES INDIA,PRECWIRE
PREMEXPLN,PREMIER EXPLOSIVES,PREMEXPLN
PREMIER,PREMIER,PREMIER
PREMIERPOL,PREMIER POLYFILM,PREMIERPOL
PRESSMN,PRESSMAN ADVERTISING,PRESSMN
PRESTIGE,PRESTIGE ESTATES PROJECTS,PRESTIGE
PRETAILDVR,PANTALOON RETAIL (INDIA),PRETAILDVR
PRICOL,PRICOL,PRICOL
PRICOLLTD,PRICOL,PRICOLLTD
PRIMESECU,PRIME SECURITIES,PRIMESECU
PRISMCEM,PRISM CEMENT,PRISMCEM
PRITHVI,PRITHVI INFORMATION SOLUTIONS,PRITHVI
PRITHVISOF,PRITHVI SOFTECH,PRITHVISOF
PROSEED,PROSEED INDIA,PROSEED
PROVOGE,PROVOGUE (INDIA),PROVOGE
PROVOGUE,PROVOGUE (INDIA),PROVOGUE
PROZONE,PROZONE CAPITAL SHOPPING CENTRES,PROZONE
PROZONECSC,PROZONE CAPITAL SHOPPING CENTRES,PROZONECSC
PROZONINTU,PROZONE INTU PROPERTIES,PROZONINTU
PRSMJOHNSN,PRISM JOHNSON,PRSMJOHNSN
PSB,PUNJAB & S,PSB
PSL,PSL,PSL
PSPPROJECT,PSP PROJECTS,PSPPROJECT
PSUBNKBEES,R*SHARES PSU B,PSUBNKBEES
PTC,PTC INDIA,PTC
PTL,PTL ENTERPRISES,PTL
PUNJABCHEM,PUNJAB CHEMICALS & CROP PROTECTION,PUNJABCHEM
PUNJLLOYD,PUNJ LLOYD,PUNJLLOYD
PURVA,PURAVANKARA,PURVA
PVP,PVP VENTURES,PVP
PVR,PVR,PVR
QGOLDHALF,QUANTUM GOLD FUND -EXCHANGE TRADED FU,QGOLDHALF
QNIFTY,QUANTUM N,QNIFTY
QUESS,QUESS CORP,QUESS
QUICKHEAL,QUICK HEAL TECHNOLOGIES,QUICKHEAL
QUINTEGRA,QUINTEGRA SOLUTIONS,QUINTEGRA
RADAAN,RADAAN MEDIAWORKS INDIA,RADAAN
RADICO,RADICO KHAITAN,RADICO
RADIOCITY,MUSIC BROADCAST,RADIOCITY
RAIN,RAIN INDUSTRIES,RAIN
RAINBOWPAP,RAINBOW PAPERS,RAINBOWPAP
RAINCOM,RAIN COMMODITIES ,RAINCOM
RAIREKMOH,RAISAHEB RECKHCHAND MOHOTA SPINNING & WEAVING MILLS,RAIREKMOH
RAJESHEXPO,RAJESH EXPORTS,RAJESHEXPO
RAJOIL,RAJ OIL MILLS,RAJOIL
RAJPALAYAM,RAJAPALAYAM MILLS,RAJPALAYAM
RAJRAYON,RAJ RAYON INDUSTRIES,RAJRAYON
RAJSREESUG,RAJSHREE SUGARS & CHEMICALS,RAJSREESUG
RAJTV,RAJ TELEVISION NETWORK,RAJTV
RAJVIR,RAJVIR INDUSTRIES,RAJVIR
RALLIS,RALLIS INDIA,RALLIS
RAMANEWS,SHREE RAMA NEWSPRINT,RAMANEWS
RAMASTEEL,RAMA STEEL TUBES,RAMASTEEL
RAMCOCEM,THE RAMCO CEMENTS,RAMCOCEM
RAMCOIND,RAMCO INDUSTRIES,RAMCOIND
RAMCOSYS,RAMCO SYSTEMS,RAMCOSYS
RAMGOPOLY,RAMGOPAL POLYTEX,RAMGOPOLY
RAMKY,RAMKY INFRASTRUCTURE,RAMKY
RAMSARUP,RAMSARUP INDUSTRIES,RAMSARUP
RANASUG,RANA SUGARS,RANASUG
RANBAXY,RANBAXY LABORATORIES,RANBAXY
RANEENGINE,RANE ENGINE VALVE,RANEENGINE
RANEHOLDIN,RANE HOLDINGS,RANEHOLDIN
RANKLIN,RANKLIN SOLUTIONS,RANKLIN
RASOYPR,RASOYA PROTEINS,RASOYPR
RATNAMANI,RATNAMANI METALS & TUBES,RATNAMANI
RAYMOND,RAYMOND,RAYMOND
RBL,RANE BRAKE LINING,RBL
RBLBANK,RBL BANK,RBLBANK
RBN,RELIANCE BROADCAST NETWORK,RBN
RCF,RASHTRIYA CHEMICALS AND FERTILIZERS,RCF
RCOM,RELIANCE COMMUNICATIONS,RCOM
RDEL,RELIANCE DEFENCE AND ENGINEERING,RDEL
RECLTD,RURAL ELECTRIFICATION CORPORATION,RECLTD
REDINGTON,REDINGTON (INDIA),REDINGTON
REFEX,REFEX INDUSTRIES,REFEX
REGENCERAM,REGENCY CERAMICS,REGENCERAM
REIAGROLTD,REI AGRO,REIAGROLTD
REISIXTEN,REI SIX TEN RETAIL,REISIXTEN
RELAXO,RELAXO FOOTWEARS,RELAXO
RELBANK,R* SHARES BAN,RELBANK
RELCAPITAL,RELIANCE CAPITAL,RELCAPITAL
RELCNX100,RELIANCE MUTUAL FUND - R* SHARES CNX ,RELCNX100
RELCONS,RELIANCE MF - R*SHARES CONSUMPTION FUND - R* SHARES CONSUMPT,RELCONS
RELDIVOPP,RELIANCE MF - R*SHARES DIVIDEND OPPORTUNITIES FUND -,RELDIVOPP
RELGOLD,R* SHARES ,RELGOLD
RELGRNIFTY,RELIGARE INVESCO NIFTY EXCHANGE TRA,RELGRNIFTY
RELIANCE,RELIANCE INDUSTRIES,RELIANCE
RELIGARE,RELIGARE ENTERPRISES,RELIGARE
RELIGAREGO,RELIGARE INVESCO GOLD EXCHANGE TRA,RELIGAREGO
RELINFRA,RELIANCE INFRASTRUCTURE,RELINFRA
RELMEDIA,RELIANCE MEDIAWORKS,RELMEDIA
RELNIFTY,RELIANCE MUTUAL FUND - R* SHARES NIFTY ETF - DIVIDEN,RELNIFTY
RELNV20,RELIANCE MUTUAL FUND - R*SHARES ,RELNV20
REMSONSIND,REMSONS INDUSTRIES,REMSONSIND
RENUKA,SHREE RENUKA SUGARS,RENUKA
REPCOHOME,REPCO HOME FINANCE,REPCOHOME
REPRO,REPRO INDIA,REPRO
RESPONIND,RESPONSIVE INDUSTRIES,RESPONIND
RESURGERE,RESURGERE MINES & MINERALS INDIA,RESURGERE
REVATHI,REVATHI EQUIPMENT,REVATHI
RHFL,RELIANCE HOME FINANCE,RHFL
RICOAUTO,RICO AUTO INDUSTRIES,RICOAUTO
RIIL,RELIANCE INDUSTRIAL INFRASTRUCTURE,RIIL
RITES,RITES,RITES
RJL,RENAISSANCE JEWELLERY,RJL
RKDL,RAVI KUMAR DISTILLERIES,RKDL
RKFORGE,RAMKRISHNA FORGINGS,RKFORGE
RMCL,RADHA MADHAV CORPORATION,RMCL
RML,RANE (MADRAS),RML
RMMIL,RESURGERE MINES & MINERALS,RMMIL
RNAM,RELIANCE NIPPON LIFE ASSET MANAGEMENT,RNAM
RNAVAL,RELIANCE NAVAL AND ENGINEERING,RNAVAL
ROHITFERRO,ROHIT FERRO-TECH,ROHITFERRO
ROHLTD,ROYAL ORCHID HOTELS,ROHLTD
ROLLT,ROLLATAINERS,ROLLT
ROLTA,ROLTA INDIA,ROLTA
ROMAN,ROMAN TARMAT,ROMAN
ROSSELLIND,ROSSELL INDIA,ROSSELLIND
RPGLIFE,RPG LIFE SCIENCES,RPGLIFE
RPOWER,RELIANCE POWER,RPOWER
RPPINFRA,R.P.P. INFRA PROJECTS,RPPINFRA
RRSLGETF,RELCAPAMC - ,RRSLGETF
RSSOFTWARE,R. S. SOFTWARE (INDIA),RSSOFTWARE
RSWM,RSWM,RSWM
RSYSTEMS,R SYSTEMS INTERNATIONAL,RSYSTEMS
RTNINFRA,RATTANINDIA INFRASTRUCTURE,RTNINFRA
RTNPOWER,RATTANINDIA POWER,RTNPOWER
RUBYMILLS,THE RUBY MILLS,RUBYMILLS
RUCHINFRA,RUCHI INFRASTRUCTURE,RUCHINFRA
RUCHIRA,RUCHIRA PAPERS,RUCHIRA
RUCHISOYA,RUCHI SOYA INDUSTRIES,RUCHISOYA
RUPA,RUPA & COMPANY,RUPA
RUSHIL,RUSHIL DECOR,RUSHIL
SABERORGAN,SABERO ORGANICS GUJARAT,SABERORGAN
SABEVENTS,SAB EVENTS & GOVERNANCE NOW MEDIA,SABEVENTS
SABTN,SRI ADHIKARI BROTHERS TELEVISION NETWORK,SABTN
SADBHAV,SADBHAV ENGINEERING,SADBHAV
SADBHIN,SADBHAV INFRASTRUCTURE PROJECT,SADBHIN
SAGCEM,SAGAR CEMENTS,SAGCEM
SAHPETRO,SAH PETROLEUMS,SAHPETRO
SAIL,STEEL AUTHORITY OF INDIA,SAIL
SAKHTISUG,SAKTHI SUGARS,SAKHTISUG
SAKSOFT,SAKSOFT,SAKSOFT
SAKTHIFIN,SAKTHI FINANCE,SAKTHIFIN
SAKUMA,SAKUMA EXPORTS,SAKUMA
SALASAR,SALASAR TECHNO ENGINEERING,SALASAR
SALONA,SALONA COTSPIN,SALONA
SALONACOT,SALONA COTSPIN,SALONACOT
SALORAINTL,SALORA INTERNATIONAL,SALORAINTL
SALSTEEL,S.A.L. STEEL,SALSTEEL
SALZERELEC,SALZER ELECTRONICS,SALZERELEC
SAMBANDAM,SAMBANDAM SPINNING MILLS,SAMBANDAM
SAMBHAAV,SAMBHAAV MEDIA,SAMBHAAV
SAMINDUS,SAM INDUSTRIES,SAMINDUS
SAMTEL,SAMTEL COLOR,SAMTEL
SANCO,SANCO INDUSTRIES,SANCO
SANDESH,THE SANDESH,SANDESH
SANDHAR,SANDHAR TECHNOLOGIES,SANDHAR
SANGAMIND,SANGAM (INDIA),SANGAMIND
SANGHIIND,SANGHI INDUSTRIES,SANGHIIND
SANGHVIFOR,SANGHVI FORGING AND ENGINEERING,SANGHVIFOR
SANGHVIMOV,SANGHVI MOVERS,SANGHVIMOV
SANOFI,SANOFI INDIA,SANOFI
SANWARIA,SANWARIA CONSUMER,SANWARIA
SARDAEN,SARDA ENERGY & MINERALS,SARDAEN
SAREGAMA,SAREGAMA INDIA,SAREGAMA
SARLAPOLY,SARLA PERFORMANCE FIBERS,SARLAPOLY
SARTHAKIND,SARTHAK INDUSTRIES,SARTHAKIND
SASKEN,SASKEN TECHNOLOGIES,SASKEN
SASTASUNDR,SASTASUNDAR VENTURES,SASTASUNDR
SATHAISPAT,SATHAVAHANA ISPAT,SATHAISPAT
SATIN,SATIN CREDITCARE NETWORK,SATIN
SATYAMCOMP,SATYAM COMPUTER SERVICES,SATYAMCOMP
SAVERA,SAVERA INDUSTRIES,SAVERA
SAYAJIHOTL,SAYAJI HOTELS,SAYAJIHOTL
SBBJ,STATE BANK OF BIKANER AN,SBBJ
SBIGETS,SBI MUTUAL FUND - ,SBIGETS
SBILIFE,SBI LIFE INSURANCE COMPANY,SBILIFE
SBIN,STATE BANK ,SBIN
SBT,STATE BANK OF TR,SBT
SBTINTL,SB&T INTERNATIONAL,SBTINTL
SCAPDVR,STAMPEDE CAPITAL,SCAPDVR
SCHAEFFLER,SCHAEFFLER INDIA,SCHAEFFLER
SCHAND,S CHAND AND COMPANY,SCHAND
SCHNEIDER,SCHNEIDER ELECTRIC INFRASTRUCTURE,SCHNEIDER
SCI,SHIPPING CORPORATION OF INDIA,SCI
SDBL,SOM DISTILLERIES & BREWERIES,SDBL
SEAMECLTD,SEAMEC,SEAMECLTD
SEINV,S.E. INVESTMENTS,SEINV
SELAN,SELAN EXPLORATION TECHNOLOGY,SELAN
SELMCL,SEL MANUFACTURING COMPANY,SELMCL
SENSEXIWIN,ICICI PRUDENTIAL SE,SENSEXIWIN
SENTINEL,SENTINEL TEA AND EXPORTS,SENTINEL
SEPOWER,S.E. POWER,SEPOWER
SEQUENT,SEQUENT SCIENTIFIC,SEQUENT
SERVALL,SERVALAKSHMI PAPER,SERVALL
SESAGOA,SESA GOA,SESAGOA
SESHAPAPER,SESHASAYEE PAPER AND BOARDS,SESHAPAPER
SETCO,SETCO AUTOMOTIVE,SETCO
SETF10GILT,SBIAMC - SE,SETF10GILT
SETFBANK,SBIAMC - ,SETFBANK
SETFGOLD,SBI-,SETFGOLD
SETFNIF50,SBI-ETF ,SETFNIF50
SETFNIFBK,SBI-ETF NI,SETFNIFBK
SETFNIFJR,SBIAMC - S,SETFNIFJR
SETFNIFTY,SBIAMC - S,SETFNIFTY
SETFNN50,SBI-ETF NIFTY,SETFNN50
SEZAL,SEZAL GLASS,SEZAL
SEZALGLASS,SEZAL GLASS,SEZALGLASS
SFCL,STAR FERRO AND CEMENT,SFCL
SFL,SHEELA FOAM,SFL
SGFL,SHREE GANESH FORGINGS,SGFL
SGJHL,SHREE GANESH JEWELLERY HOUSE (I),SGJHL
SGL,STL GLOBAL,SGL
SHAHALLOYS,SHAH ALLOYS,SHAHALLOYS
SHAKTIPUMP,SHAKTI PUMPS (INDIA),SHAKTIPUMP
SHALBY,SHALBY,SHALBY
SHALPAINTS,SHALIMAR PAINTS,SHALPAINTS
SHANKARA,SHANKARA BUILDING PRODUCTS,SHANKARA
SHANTIGEAR,SHANTHI GEARS,SHANTIGEAR
SHARDACROP,SHARDA CROPCHEM,SHARDACROP
SHARDAMOTR,SHARDA MOTOR INDUSTRIES,SHARDAMOTR
SHARIABEES,R*SHARES SHAR,SHARIABEES
SHARONBIO,SHARON BIO-MEDICINE,SHARONBIO
SHARRESLTD,SHARYANS RESOURCES,SHARRESLTD
SHASUNPHAR,SHASUN PHARMACEUTICALS,SHASUNPHAR
SHEMAROO,SHEMAROO ENTERTAINMENT,SHEMAROO
SHILPAMED,SHILPA MEDICARE,SHILPAMED
SHILPI,SHILPI CABLE TECHNOLOGIES,SHILPI
SHIRPUR_G,SHIRPUR GOLD REFINERY,SHIRPUR_G
SHIVAMAUTO,SHIVAM AUTOTECH,SHIVAMAUTO
SHIVAMILLS,SHIVA MILLS,SHIVAMILLS
SHIVATEX,SHIVA TEXYARN,SHIVATEX
SHIVTEX,SHIVA TEXYARN,SHIVTEX
SHIV_VANI,SHIV-VANI OIL & GAS EXPLORATION SERVICES,SHIV_VANI
SHK,S H KELKAR AND COMPANY,SHK
SHLAKSHMI,SHRI LAKSHMI COTSYN,SHLAKSHMI
SHOPERSTOP,SHOPPERS STOP,SHOPERSTOP
SHREEASHTA,SHREE ASHTAVINAYAK CINE VISION,SHREEASHTA
SHREECEM,SHREE CEMENT,SHREECEM
SHREEPUSHK,SHREE PUSHKAR CHEMICALS & FERTILISERS,SHREEPUSHK
SHREERAMA,SHREE RAMA MULTI-TECH,SHREERAMA
SHRENUJ,SHRENUJ & COMPANY,SHRENUJ
SHREYANIND,SHREYANS INDUSTRIES,SHREYANIND
SHREYAS,SHREYAS SHIPPING & LOGISTICS,SHREYAS
SHRIASTER,SHRI ASTER SILICATES,SHRIASTER
SHRINATRAJ,SHRI NATARAJ CERAMIC AND CHEMICAL INDUSTRIES,SHRINATRAJ
SHRIPISTON,SHRIRAM PISTONS & RINGS,SHRIPISTON
SHRIRAMCIT,SHRIRAM CITY UNION FINANCE,SHRIRAMCIT
SHRIRAMEPC,SHRIRAM EPC,SHRIRAMEPC
SHYAMCENT,SHYAM CENTURY FERROUS,SHYAMCENT
SHYAMTEL,SHYAM TELECOM,SHYAMTEL
SICAGEN,SICAGEN INDIA,SICAGEN
SICAL,SICAL LOGISTICS,SICAL
SIEMENS,SIEMENS,SIEMENS
SIGNET,SIGNET INDUSTRIES,SIGNET
SIGNETIND,SIGNET INDUSTRIES,SIGNETIND
SIL,STANDARD INDUSTRIES,SIL
SILINV,SIL INVESTMENTS,SILINV
SIMBHALS,SIMBHAOLI SUGARS,SIMBHALS
SIMBHSUGAR,SIMBHAOLI SUGARS,SIMBHSUGAR
SIMPLEX,SIMPLEX PROJECTS,SIMPLEX
SIMPLEXCAS,SIMPLEX CASTINGS,SIMPLEXCAS
SIMPLEXINF,SIMPLEX INFRASTRUCTURES,SIMPLEXINF
SINTEX,SINTEX INDUSTRIES,SINTEX
SIRPAPER,THE SIRPUR PAPER MILLS,SIRPAPER
SIS,SECURITY AND INTELLIGENCE SERVICES (INDIA),SIS
SITASHREE,SITA SHREE FOOD PRODUCTS,SITASHREE
SITICABLE,SITI CABLE NETWORK,SITICABLE
SITINET,SITI NETWORKS,SITINET
SIYSIL,SIYARAM SILK MILLS,SIYSIL
SJVN,SJVN,SJVN
SKFINDIA,SKF INDIA,SKFINDIA
SKIL,SKIL INFRASTRUCTURE,SKIL
SKIPPER,SKIPPER,SKIPPER
SKMEGGPROD,SKM EGG PRODUCTS EXPORT (INDIA),SKMEGGPROD
SKSMICRO,SKS MICROFINANCE,SKSMICRO
SKUMARSYNF,S. KUMARS NATIONWIDE,SKUMARSYNF
SMARTLINK,SMARTLINK HOLDINGS,SMARTLINK
SMLISUZU,SML ISUZU,SMLISUZU
SMOBILITY,S MOBILITY,SMOBILITY
SMPL,SPLENDID METAL PRODUCTS,SMPL
SMSLIFE,SMS LIFESCIENCES INDIA,SMSLIFE
SMSPHARMA,SMS PHARMACEUTICALS,SMSPHARMA
SNOWMAN,SNOWMAN LOGISTICS,SNOWMAN
SOBHA,SOBHA,SOBHA
SOFTTECHGR,SOFTWARE TECHNOLOGY GROUP INTERNATIONAL,SOFTTECHGR
SOLARA,SOLARA ACTIVE PHARMA SCIENCES,SOLARA
SOLARINDS,SOLAR INDUSTRIES INDIA,SOLARINDS
SOMANYCERA,SOMANY CERAMICS,SOMANYCERA
SOMATEX,SOMA TEXTILES & INDUSTRIES,SOMATEX
SOMICONVEY,SOMI CONVEYOR BELTINGS,SOMICONVEY
SONASTEER,SONA KOYO STEERING SYSTEMS,SONASTEER
SONATSOFTW,SONATA SOFTWARE,SONATSOFTW
SORILHOLD,SORIL HOLDINGS AND VENTURES,SORILHOLD
SORILINFRA,SORIL INFRA RESOURCES,SORILINFRA
SOTL,SAVITA OIL TECHNOLOGIES,SOTL
SOUISPAT,SOUTHERN ISPAT AND ENERGY,SOUISPAT
SOUTHBANK,THE SOUTH INDIAN BANK,SOUTHBANK
SPAL,S. P. APPARELS,SPAL
SPANCO,SPANCO,SPANCO
SPARC,SUN PHARMA ADVANCED RESEARCH COMPANY,SPARC
SPCENET,SPACENET ENTERPRISES INDIA,SPCENET
SPECIALITY,SPECIALITY RESTAURANTS,SPECIALITY
SPECTACLE,SPECTACLE VENTURES,SPECTACLE
SPENTEX,SPENTEX INDUSTRIES,SPENTEX
SPHEREGSL,SPHERE GLOBAL SERVICES,SPHEREGSL
SPIC,SOUTHERN PETROCHEMICALS INDUSTRIES CORPORATION,SPIC
SPICEMOBI,SPICE MOBILITY,SPICEMOBI
SPLIL,SPL INDUSTRIES,SPLIL
SPMLINFRA,SPML INFRA,SPMLINFRA
SPTL,SINTEX PLASTICS TECHNOLOGY,SPTL
SPYL,SHEKHAWATI POLY-YARN,SPYL
SQSBFSI,SQS INDIA BFSI,SQSBFSI
SREEL,SREELEATHERS,SREEL
SREINFRA,SREI INFRASTRUCTURE FINANCE,SREINFRA
SRF,SRF,SRF
SRGINFOTEC,SRG INFOTEC (INDIA),SRGINFOTEC
SRHHLINDST,SRHHL INDUSTRIES,SRHHLINDST
SRHHYPOLTD,SREE RAYALASEEMA HI-STRENGTH HYPO,SRHHYPOLTD
SRICHAMUND,SRI CHAMUNDESWARI SUGARS,SRICHAMUND
SRIPIPES,SRIKALAHASTHI PIPES,SRIPIPES
SRSLTD,SRS,SRSLTD
SRTRANSFIN,SHRIRAM TRANSPORT FINANCE COMPANY,SRTRANSFIN
SSLT,SESA STERLITE,SSLT
SSWL,STEEL STRIPS WHEELS,SSWL
STAMPEDE,STAMPEDE CAPITAL,STAMPEDE
STAR,STRIDES PHARMA SCIENCE,STAR
STARCEMENT,STAR CEMENT,STARCEMENT
STARPAPER,STAR PAPER MILLS,STARPAPER
STCINDIA,THE STATE TRADING CORPORATION OF INDIA,STCINDIA
STEELXIND,STEEL EXCHANGE INDIA,STEELXIND
STEL,STEL HOLDINGS,STEL
STER,STERLITE INDUSTRIES ( INDIA ),STER
STERLINBIO,STERLING BIOTECH,STERLINBIO
STERTOOLS,STERLING TOOLS,STERTOOLS
STINDIA,STI INDIA,STINDIA
STOREONE,STORE ONE RETAIL INDIA,STOREONE
STRTECH,STERLITE TECHNOLOGIES,STRTECH
STYABS,STYROLUTION ABS (INDIA),STYABS
SUBEX,SUBEX,SUBEX
SUBROS,SUBROS,SUBROS
SUDAR,SUDAR INDUSTRIES,SUDAR
SUDARSCHEM,SUDARSHAN CHEMICAL INDUSTRIES,SUDARSCHEM
SUJANATOW,SUJANA TOWER,SUJANATOW
SUJANATWR,SUJANA TOWER,SUJANATWR
SUJANAUNI,SUJANA UNIVERSAL INDUSTRIES,SUJANAUNI
SUMEETINDS,SUMEET INDUSTRIES,SUMEETINDS
SUMMITSEC,SUMMIT SECURITIES,SUMMITSEC
SUNCLAYLTD,SUNDARAM CLAYTON,SUNCLAYLTD
SUNCLAYTON,SUNDARAM CLAYTON,SUNCLAYTON
SUNDARAM,SUNDARAM MULTI PAP,SUNDARAM
SUNDARMFIN,SUNDARAM FINANCE,SUNDARMFIN
SUNDARMHLD,SUNDARAM FINANCE HOLDINGS,SUNDARMHLD
SUNDRMBRAK,SUNDARAM BRAKE LININGS,SUNDRMBRAK
SUNDRMFAST,SUNDRAM FASTENERS,SUNDRMFAST
SUNFLAG,SUNFLAG IRON AND STEEL COMPANY,SUNFLAG
SUNILHITEC,SUNIL HITECH ENGINEERS,SUNILHITEC
SUNPHARMA,SUN PHARMACEUTICAL INDUSTRIES,SUNPHARMA
SUNTECK,SUNTECK REALTY,SUNTECK
SUNTV,SUN TV NETWORK,SUNTV
SUPER,SUPER SALES INDIA,SUPER
SUPERHOUSE,SUPERHOUSE,SUPERHOUSE
SUPERSPIN,SUPER SPINNING MILLS,SUPERSPIN
SUPPETRO,SUPREME PETROCHEM,SUPPETRO
SUPRAJIT,SUPRAJIT ENGINEERING,SUPRAJIT
SUPREMEIND,SUPREME INDUSTRIES,SUPREMEIND
SUPREMEINF,SUPREME INFRASTRUCTURE INDIA,SUPREMEINF
SUPREMETEX,SUPREME TEX MART,SUPREMETEX
SURAJDIAMN,SU-RAJ DIAMONDS AND JEWELLERY,SURAJDIAMN
SURANACORP,SURANA CORPORATION,SURANACORP
SURANAIND,SURANA INDUSTRIES,SURANAIND
SURANASOL,SURANA SOLAR,SURANASOL
SURANATP,SURANA TELECOM AND POWER,SURANATP
SURANAVEL,SURANA VENTURES,SURANAVEL
SURYAJYOTI,SURYAJYOTI SPINNING MILLS,SURYAJYOTI
SURYALAXMI,SURYALAKSHMI COTTON MILLS,SURYALAXMI
SURYAPHARM,SURYA PHARMACEUTICAL,SURYAPHARM
SURYAROSNI,SURYA ROSHNI,SURYAROSNI
SUTLEJTEX,SUTLEJ TEXTILES AND INDUSTRIES,SUTLEJTEX
SUVEN,SUVEN LIFE SCIENCES,SUVEN
SUZLON,SUZLON ENERGY,SUZLON
SVOGL,SVOGL OIL GAS AND ENERGY,SVOGL
SWANENERGY,SWAN ENERGY,SWANENERGY
SWARAJENG,SWARAJ ENGINES,SWARAJENG
SWELECTES,SWELECT ENERGY SYSTEMS,SWELECTES
SYMPHONY,SYMPHONY,SYMPHONY
SYNCOM,SYNCOM HEALTHCARE,SYNCOM
SYNDIBANK,SYNDIC,SYNDIBANK
SYNGENE,SYNGENE INTERNATIONAL,SYNGENE
TAINWALCHM,TAINWALA CHEMICAL AND PLASTIC (I),TAINWALCHM
TAJGVK,TAJ GVK HOTELS & RESORTS,TAJGVK
TAKE,TAKE SOLUTIONS,TAKE
TAKSHEEL,TAKSHEEL SOLUTIONS,TAKSHEEL
TALBROAUTO,TALBROS AUTOMOTIVE COMPONENTS,TALBROAUTO
TALWALKARS,TALWALKARS BETTER VALUE FITNESS,TALWALKARS
TALWGYM,TALWALKARS LIFESTYLES,TALWGYM
TANFACIND,TANFAC INDUSTRIES,TANFACIND
TANLA,TANLA SOLUTIONS,TANLA
TANTIACONS,TANTIA CONSTRUCTIONS,TANTIACONS
TARAJEWELS,TARA JEWELS,TARAJEWELS
TARAPUR,TARAPUR TRANSFORMERS,TARAPUR
TARMAT,TARMAT,TARMAT
TASTYBITE,TASTY BITE EATABLES,TASTYBITE
TATACHEM,TATA CHEMICALS,TATACHEM
TATACOFFEE,TATA COFFEE,TATACOFFEE
TATACOMM,TATA COMMUNICATIONS,TATACOMM
TATAELXSI,TATA ELXSI,TATAELXSI
TATAGLOBAL,TATA GLOBAL BEVERAGES,TATAGLOBAL
TATAINVEST,TATA INVESTMENT CORPORATION,TATAINVEST
TATAMETALI,TATA METALIKS,TATAMETALI
TATAMOTORS,TATA MOTORS,TATAMOTORS
TATAMTRDVR,TATA MOTORS,TATAMTRDVR
TATAPOWER,TATA POWER COMPANY,TATAPOWER
TATASPONGE,TATA SPONGE IRON,TATASPONGE
TATASTEEL,TATA STEEL,TATASTEEL
TBZ,TRIBHOVANDAS BHIMJI ZAVERI,TBZ
TCI,TRANSPORT CORPORATION OF INDIA,TCI
TCIDEVELOP,TCI DEVELOPERS,TCIDEVELOP
TCIEXP,TCI EXPRESS,TCIEXP
TCIFINANCE,TCI FINANCE,TCIFINANCE
TCNSBRANDS,TCNS CLOTHING CO.,TCNSBRANDS
TCPLPACK,TCPL PACKAGING,TCPLPACK
TCPLTD,TCP,TCPLTD
TCS,TATA CONSULTANCY SERVICES,TCS
TDPOWERSYS,TD POWER SYSTEMS,TDPOWERSYS
TEAMLEASE,TEAMLEASE SERVICES,TEAMLEASE
TECHIN,TECHINDIA NIRMAN,TECHIN
TECHM,TECH MAHINDRA,TECHM
TECHNO,TECHNO ELECTRIC & ENGINEERING COMPANY,TECHNO
TECHNOFAB,TECHNOFAB ENGINEERING,TECHNOFAB
TECPRO,TECPRO SYSTEMS,TECPRO
TEJASNET,TEJAS NETWORKS,TEJASNET
TELEDATAIT,TELEDATA TECHNOLOGY SOLUTIONS,TELEDATAIT
TELEMARINE,TELEDATA MARINE SOLUTIONS,TELEMARINE
TERASOFT,TERA SOFTWARE,TERASOFT
TEXINFRA,TEXMACO INFRASTRUCTURE & HOLDINGS,TEXINFRA
TEXMACOLTD,TEXMACO,TEXMACOLTD
TEXMOPIPES,TEXMO PIPES AND PRODUCTS,TEXMOPIPES
TEXRAIL,TEXMACO RAIL & ENGINEERING,TEXRAIL
TFCILTD,TOURISM FINANCE CORPORATION OF INDIA,TFCILTD
TFL,TRANSWARRANTY FINANCE,TFL
TGBHOTELS,TGB BANQUETS AND HOTELS,TGBHOTELS
THANGAMAYL,THANGAMAYIL JEWELLERY,THANGAMAYL
THEBYKE,THE BYKE HOSPITALITY,THEBYKE
THEINVEST,THE INVESTMENT TRUST OF INDIA,THEINVEST
THEMISMED,THEMIS MEDICARE,THEMISMED
THERMAX,THERMAX,THERMAX
THINKSOFT,THINKSOFT GLOBAL SERVICES,THINKSOFT
THIRUSUGAR,THIRU AROORAN SUGARS,THIRUSUGAR
THOMASCOOK,THOMAS COOK (INDIA),THOMASCOOK
THOMASCOTT,THOMAS SCOTT (INDIA),THOMASCOTT
THYROCARE,THYROCARE TECHNOLOGIES,THYROCARE
TI,TILAKNAGAR INDUSTRIES,TI
TIDEWATER,TIDE WATER OIL COMPANY (INDIA),TIDEWATER
TIFIN,TI FINANCIAL HOLDINGS,TIFIN
TIIL,TECHNOCRAFT INDUSTRIES (INDIA),TIIL
TIINDIA,TUBE INVESTMENTS OF INDIA,TIINDIA
TIJARIA,TIJARIA POLYPIPES,TIJARIA
TIL,TIL,TIL
TIMBOR,TIMBOR HOME,TIMBOR
TIMESGTY,TIMES GUARANTY,TIMESGTY
TIMETECHNO,TIME TECHNOPLAST,TIMETECHNO
TIMKEN,TIMKEN INDIA,TIMKEN
TINPLATE,THE TINPLATE COMPANY OF INDIA,TINPLATE
TIPSINDLTD,TIPS INDUSTRIES,TIPSINDLTD
TIRUMALCHM,THIRUMALAI CHEMICALS,TIRUMALCHM
TITAN,TITAN COMPANY,TITAN
TMRVL,THE MANDHANA RETAIL VENTURES,TMRVL
TNPETRO,TAMILNADU PETROPRODUCTS,TNPETRO
TNPL,TAMIL NADU NEWSPRINT & PAPERS,TNPL
TNTELE,TAMILNADU TELECOMMUNICATION,TNTELE
TODAYS,TODAYS WRITING INSTRUMENTS,TODAYS
TOKYOPLAST,TOKYO PLAST INTERNATIONAL,TOKYOPLAST
TORNTPHARM,TORRENT PHARMACEUTICALS,TORNTPHARM
TORNTPOWER,TORRENT POWER,TORNTPOWER
TPLPLASTEH,TPL PLASTECH,TPLPLASTEH
TREEHOUSE,TREE HOUSE EDUCATION & ACCESSORIES,TREEHOUSE
TRENT,TRENT,TRENT
TRF,TRF,TRF
TRICOM,TRICOM INDIA,TRICOM
TRIDENT,TRIDENT,TRIDENT
TRIGYN,TRIGYN TECHNOLOGIES,TRIGYN
TRIL,TRANSFORMERS AND RECTIFIERS (INDIA),TRIL
TRITURBINE,TRIVENI TURBINE,TRITURBINE
TRIVENI,TRIVENI ENGINEERING & INDUSTRIES,TRIVENI
TTKHEALTH,TTK HEALTHCARE,TTKHEALTH
TTKHLTCARE,TTK HEALTHCARE,TTKHLTCARE
TTKPRESTIG,TTK PRESTIGE,TTKPRESTIG
TTL,T T,TTL
TTML,TATA TELESERVICES (MAHARASHTRA),TTML
TUBEINVEST,TUBE INVESTMENTS OF INDIA,TUBEINVEST
TULIP,TULIP TELECOM,TULIP
TULSI,TULSI EXTRUSIONS,TULSI
TULSYAN,TULSYAN NEC,TULSYAN
TV18BRDCST,TV18 BROADCAST,TV18BRDCST
TVSELECT,TVS ELECTRONICS,TVSELECT
TVSMOTOR,TVS MOTOR COMPANY,TVSMOTOR
TVSSRICHAK,TVS SRICHAKRA,TVSSRICHAK
TVTODAY,TV TODAY NETWORK,TVTODAY
TVVISION,TV VISION,TVVISION
TWILITAKA,TWILIGHT LITAKA PHARMA,TWILITAKA
TWL,TITAGARH WAGONS,TWL
UBENGG,UB ENGINEERING,UBENGG
UBHOLDINGS,UNITED BREWERIES (HOLDINGS),UBHOLDINGS
UBL,UNITED BREWERIES,UBL
UCALFUEL,UCAL FUEL SYSTEMS,UCALFUEL
UCOBANK,,UCOBANK
UFLEX,UFLEX,UFLEX
UFO,UFO MOVIEZ INDIA,UFO
UGARSUGAR,THE UGAR SUGAR WORKS,UGARSUGAR
UJAAS,UJAAS ENERGY,UJAAS
UJJIVAN,UJJIVAN FINANCIAL SERVICES,UJJIVAN
ULTRACEMCO,ULTRATECH CEMENT,ULTRACEMCO
UMANGDAIRY,UMANG DAIRIES,UMANGDAIRY
UMESLTD,USHA MARTIN EDUCATION & SOLUTIONS,UMESLTD
UNICHEMLAB,UNICHEM LABORATORIES,UNICHEMLAB
UNIENTER,UNIPHOS ENTERPRISES,UNIENTER
UNIONBANK,UNION BANK ,UNIONBANK
UNIPHOS,UNITED PHOSPHORUS,UNIPHOS
UNIPLY,UNIPLY INDUSTRIES,UNIPLY
UNITECH,UNITECH,UNITECH
UNITEDBNK,UNITED BANK ,UNITEDBNK
UNITEDTEA,THE UNITED NILGIRI TEA ESTATES COMPANY,UNITEDTEA
UNITY,UNITY INFRAPROJECTS,UNITY
UNIVCABLES,UNIVERSAL CABLES,UNIVCABLES
UPERGANGES,UPPER GANGES SUGAR & INDUSTRIES,UPERGANGES
UPL,UPL,UPL
URJA,URJA GLOBAL,URJA
USHAMART,USHA MARTIN,USHAMART
USHERAGRO,USHER AGRO,USHERAGRO
UTINEXT50,UTIAMC - U,UTINEXT50
UTINIFTETF,UTI MUTUAL FUND - UTI-NIFTY EXCHANGE TRA,UTINIFTETF
UTISENSETF,UTI MUTUAL FUND - UTI-SENSEX EXCHANGE TRA,UTISENSETF
UTISUNDER,#VALUE!,UTISUNDER
UTTAMSTL,UTTAM GALVA STEELS,UTTAMSTL
UTTAMSUGAR,UTTAM SUGAR MILLS,UTTAMSUGAR
UTTAMVALUE,UTTAM VALUE STEELS,UTTAMVALUE
UTVSOF,UTV SOFTWARE COMMUNICATIONS,UTVSOF
UVSL,UTTAM VALUE STEELS,UVSL
V2RETAIL,V2 RETAIL,V2RETAIL
VADILALIND,VADILAL INDUSTRIES,VADILALIND
VAIBHAVGBL,VAIBHAV GLOBAL,VAIBHAVGBL
VAIBHAVGEM,VAIBHAV GEMS,VAIBHAVGEM
VAKRANGEE,VAKRANGEE,VAKRANGEE
VAKRANSOFT,VAKRANGEE SOFTWARES,VAKRANSOFT
VALECHAENG,VALECHA ENGINEERING,VALECHAENG
VALUEIND,VALUE INDUSTRIES,VALUEIND
VARDHACRLC,VARDHMAN ACRYLICS,VARDHACRLC
VARDMNPOLY,VARDHMAN POLYTEX,VARDMNPOLY
VARROC,VARROC ENGINEERING,VARROC
VARUN,VARUN INDUSTRIES,VARUN
VARUNSHIP,VARUN SHIPPING COMPANY,VARUNSHIP
VASCONEQ,VASCON ENGINEERS,VASCONEQ
VASWANI,VASWANI INDUSTRIES,VASWANI
VBL,VARUN BEVERAGES,VBL
VEDL,VEDANTA,VEDL
VENKEYS,VENKY'S (INDIA),VENKEYS
VENUSREM,VENUS REMEDIES,VENUSREM
VESUVIUS,VESUVIUS INDIA,VESUVIUS
VETO,VETO SWITCHGEARS AND CABLES,VETO
VGUARD,V-GUARD INDUSTRIES,VGUARD
VHL,VARDHMAN HOLDINGS,VHL
VICEROY,VICEROY HOTELS,VICEROY
VIDEOIND,VIDEOCON INDUSTRIES,VIDEOIND
VIDHIDYE,VIDHI DYESTUFFS MANUFACTURING,VIDHIDYE
VIDHIING,VIDHI SPECIALTY FOOD INGREDIENTS,VIDHIING
VIJAYABANK,VIJ,VIJAYABANK
VIJIFIN,VIJI FINANCE,VIJIFIN
VIJSHAN,VIJAY SHANTHI BUILDERS,VIJSHAN
VIKASECO,VIKAS ECOTECH,VIKASECO
VIKASGLOB,VIKAS GLOBALONE,VIKASGLOB
VIKASHMET,VIKASH METAL & POWER,VIKASHMET
VIMALOIL,VIMAL OIL & FOODS,VIMALOIL
VIMTALABS,VIMTA LABS,VIMTALABS
VINATIORGA,VINATI ORGANICS,VINATIORGA
VINDHYATEL,VINDHYA TELELINKS,VINDHYATEL
VINYLINDIA,VINYL CHEMICALS (INDIA),VINYLINDIA
VIPCLOTHNG,VIP CLOTHING,VIPCLOTHNG
VIPIND,VIP INDUSTRIES,VIPIND
VIPUL,VIPUL,VIPUL
VIPULLTD,VIPUL,VIPULLTD
VISAKAIND,VISAKA INDUSTRIES,VISAKAIND
VISASTEEL,VISA STEEL,VISASTEEL
VISESHINFO,VISESH INFOTECNICS,VISESHINFO
VISHALRET,VISHAL RETAIL,VISHALRET
VISHNU,VISHNU CHEMICALS,VISHNU
VISUINTL,VISU INTERNATIONAL,VISUINTL
VIVIDHA,VISAGAR POLYTEX,VIVIDHA
VIVIMEDLAB,VIVIMED LABS,VIVIMEDLAB
VKSPL,VKS PROJECTS,VKSPL
VLSFINANCE,VLS FINANCE,VLSFINANCE
VMART,V-MART RETAIL,VMART
VOLTAMP,VOLTAMP TRANSFORMERS,VOLTAMP
VOLTAS,VOLTAS,VOLTAS
VRLLOG,VRL LOGISTICS,VRLLOG
VSSL,VARDHMAN SPECIAL STEELS,VSSL
VSTIND,VST INDUSTRIES,VSTIND
VSTTILLERS,V.S.T TILLERS TRACTORS,VSTTILLERS
VTL,VARDHMAN TEXTILES,VTL
VTMLTD,VTM,VTMLTD
VTXIND,VTX INDUSTRIES,VTXIND
WABAG,VA TECH WABAG,WABAG
WABCOINDIA,WABCO INDIA,WABCOINDIA
WALCHANNAG,WALCHANDNAGAR INDUSTRIES,WALCHANNAG
WANBURY,WANBURY,WANBURY
WEBELSOLAR,WEBSOL ENERGY SYSTEM,WEBELSOLAR
WEIZFOREX,WEIZMANN FOREX,WEIZFOREX
WEIZMANIND,WEIZMANN,WEIZMANIND
WELCORP,WELSPUN CORP,WELCORP
WELENT,WELSPUN ENTERPRISES,WELENT
WELENTRP,WELSPUN ENTERPRISES,WELENTRP
WELGLOB,WELSPUN GLOBAL BRANDS,WELGLOB
WELINV,WELSPUN INVESTMENTS AND COMMERCIALS,WELINV
WELPROJ,WELSPUN PROJECTS,WELPROJ
WELSPUNIND,WELSPUN INDIA,WELSPUNIND
WELSYNTEX,WELSPUN SYNTEX,WELSYNTEX
WENDT,WENDT (INDIA),WENDT
WHEELS,WHEELS INDIA,WHEELS
WHIRLPOOL,WHIRLPOOL OF INDIA,WHIRLPOOL
WILLAMAGOR,WILLIAMSON MAGOR & COMPANY,WILLAMAGOR
WINDMACHIN,WINDSOR MACHINES,WINDMACHIN
WINSOME,WINSOME YARNS,WINSOME
WINSOMEDJ,WINSOME DIAMONDS AND JEWELLERY,WINSOMEDJ
WIPL,THE WESTERN INDIA PLYWOODS,WIPL
WIPRO,WIPRO,WIPRO
WOCKPHARMA,WOCKHARDT,WOCKPHARMA
WONDERLA,WONDERLA HOLIDAYS,WONDERLA
WSI,W S INDUSTRIES (I),WSI
WSTCSTPAPR,WEST COAST PAPER MILLS,WSTCSTPAPR
WWIL,WIRE AND WIRELESS (INDIA),WWIL
WYETH,WYETH,WYETH
XCHANGING,XCHANGING SOLUTIONS,XCHANGING
XLENERGY,XL ENERGY,XLENERGY
XPROINDIA,XPRO INDIA,XPROINDIA
YESBANK,YES BANK,YESBANK
ZANDUREALT,ZANDU REALTY,ZANDUREALT
ZEEL,ZEE ENTERTAINMENT ENTERPRISES,ZEEL
ZEELEARN,ZEE LEARN,ZEELEARN
ZEEMEDIA,ZEE MEDIA CORPORATION,ZEEMEDIA
ZEENEWS,ZEE NEWS,ZEENEWS
ZENITHBIR,ZENITH BIRLA (INDIA),ZENITHBIR
ZENITHCOMP,ZENITH COMPUTERS,ZENITHCOMP
ZENITHEXPO,ZENITH EXPORTS,ZENITHEXPO
ZENITHINFO,ZENITH INFOTECH,ZENITHINFO
ZENSARTECH,ZENSAR TECHNOLOGIES,ZENSARTECH
ZENTEC,ZEN TECHNOLOGIES,ZENTEC
ZICOM,ZICOM ELECTRONIC SECURITY SYSTEMS,ZICOM
ZODIACLOTH,ZODIAC CLOTHING COMPANY,ZODIACLOTH
ZODJRDMKJ,ZODIAC JRD- MKJ,ZODJRDMKJ
ZUARI,ZUARI AGRO CHEMICALS,ZUARI
ZUARIAGRO,ZUARI INDUSTRIES,ZUARIAGRO
ZUARIGLOB,ZUARI GLOBAL,ZUARIGLOB
ZYDUSWELL,ZYDUS WELLNESS,ZYDUSWELL
ZYLOG,ZYLOG SYSTEMS,ZYLOG
